symbol,timestamp,mid,inventory,pnl,alpha,var_pf,es,regime,event
XYZ,0,100.0,0,0.0,0.08000000000000002,0.0,0.0,0,
ABC,0,100.0,0,0.0,0.08000000000000002,0.0,0.0,0,
XYZ,1,100.0,0,0.0,0.08000000000000002,0.0,0.0,0,
ABC,1,100.0,0,0.0,0.08000000000000002,0.0,0.0,0,
XYZ,2,100.0,0,0.0,0.08000000000000002,0.0,0.0,0,
ABC,2,100.0,0,0.0,0.08000000000000002,0.0,0.0,0,
XYZ,3,100.0,0,0.0,0.08000000000000002,0.0,0.0,0,
ABC,3,99.99666666666667,0,0.0,0.08000000000000002,0.0,0.0,0,
XYZ,4,100.0,0,0.0,0.08000000000000002,0.0,0.0,0,
ABC,4,99.99666666666667,0,0.0,0.08000000000000002,0.0,0.0,0,
XYZ,5,100.00333333333333,0,0.0,0.08000000000000002,0.0,0.0,0,
ABC,5,99.99666666666667,0,0.0,0.08000000000000002,0.0,0.0,0,
XYZ,6,100.00333333333333,0,0.0,0.08000000000000002,0.0,0.0,0,
ABC,6,99.99666666666667,0,0.0,0.08000000000000002,0.0,0.0,0,
XYZ,7,100.0,0,0.0,0.08000000000000002,0.0,0.0,0,
ABC,7,100.0,0,0.0,0.08000000000000002,0.0,0.0,0,
XYZ,8,100.0,0,0.0,0.08000000000000002,0.0,0.0,0,
ABC,8,99.99333333333334,0,0.0,0.08000000000000002,0.0,0.0,0,
XYZ,9,100.0,0,0.0,0.08000000000000002,0.0,0.0,0,
ABC,9,99.99333333333334,0,0.0,0.08000000000000002,0.0,0.0,0,
XYZ,10,100.00333333333333,0,0.0,0.08000000000000002,0.0,0.0,0,
ABC,10,99.99333333333334,0,0.0,0.08000000000000002,0.0,0.0,0,
XYZ,11,100.0,0,0.0,0.08000000000000002,0.0,0.0,0,
ABC,11,100.0,0,0.0,0.08000000000000002,0.0,0.0,0,
XYZ,12,99.99000000000001,0,0.0,0.08000000000000002,0.0,0.0,0,
ABC,12,100.0,0,0.0,0.08000000000000002,0.0,0.0,0,
XYZ,13,99.985,0,0.0,0.08000000000000002,1763.9242156181074,0.0,0,HEDGE_PF
ABC,13,100.0,-40,1342.2599553333334,0.08000000000000002,1763.9242156181074,0.0,0,HEDGE_PF
XYZ,14,99.99000000000001,0,0.0,0.08000000000000002,3408.2253811792266,0.0,0,HEDGE_PF
ABC,14,100.0,-80,951.4660398400001,0.08000000000000002,3408.2253811792266,0.0,0,HEDGE_PF
XYZ,15,99.99000000000001,0,0.0,0.08000000000000002,4950.000052799999,0.0,0,HEDGE_PF
ABC,15,100.0,-120,160.5449221866667,0.08000000000000002,4950.000052799999,0.0,0,HEDGE_PF
XYZ,16,99.985,0,0.0,0.08000000000000002,6402.940568990433,0.0,0,HEDGE_PF
ABC,16,100.0,-160,-1030.5033976266666,0.08000000000000002,6402.940568990433,0.0,0,HEDGE_PF
XYZ,17,99.985,0,0.0,0.08000000000000002,7778.174675409165,0.0,0,HEDGE_PF
ABC,17,100.0,-200,-2621.83892248,0.08000000000000002,7778.174675409165,0.0,0,HEDGE_PF
XYZ,18,99.985,0,0.0,0.08000000000000002,9084.86315717002,0.0,0,HEDGE_PF
ABC,18,100.0,-240,-4613.341650213333,0.08000000000000002,9084.86315717002,0.0,0,HEDGE_PF
XYZ,19,99.985,0,0.0,0.08000000000000002,10120.453310947978,0.0,0,HEDGE_PF
ABC,19,75.16499999999999,-240,-11040.744867493333,0.08000000000000002,10120.453310947978,0.0,0,HEDGE_PF
XYZ,20,99.985,0,0.0,0.08000000000000002,12478.288814561074,0.0,0,HEDGE_PF
ABC,20,100.0,-280,-8734.92482576,0.08000000000000002,12478.288814561074,0.0,0,HEDGE_PF
XYZ,21,99.97999999999999,0,0.0,0.08000000000000002,13927.534425959453,0.0,0,HEDGE_PF
ABC,21,100.0,-320,-9926.213149893334,0.08000000000000002,13927.534425959453,0.0,0,HEDGE_PF
XYZ,22,100.0,40,-1324.0066199999999,0.08000000000000002,15430.401546888164,0.0,0,HEDGE_PF
ABC,22,100.01,-360,-9916.879863226668,0.08000000000000002,15430.401546888164,0.0,0,HEDGE_PF
XYZ,23,100.0,80,-914.8804363999999,0.08000000000000002,16966.220900777596,0.0,0,HEDGE_PF
ABC,23,100.02,-400,-9907.54657656,0.08000000000000002,16966.220900777596,0.0,0,HEDGE_PF
XYZ,24,100.01,80,-896.2137697333333,0.08000000000000002,16614.82443989102,0.0,0,HEDGE_PF
ABC,24,100.02,-400,-9907.54657656,0.08000000000000002,16614.82443989102,0.0,0,HEDGE_PF
XYZ,25,74.99,40,-224.74714973333334,0.08000000000000002,16082.201043961915,0.0,0,HEDGE_PF
ABC,25,100.02,-400,-9907.54657656,0.08000000000000002,16082.201043961915,0.0,0,HEDGE_PF
XYZ,26,49.65,40,1131.2468466666667,0.08000000000000002,15776.72207536446,0.0,0,HEDGE_PF
ABC,26,100.02,-400,-9907.54657656,0.08000000000000002,15776.72207536446,0.0,0,HEDGE_PF
XYZ,27,50.33,40,-183.15977333333345,0.08000000000000002,15517.911071263972,0.0,0,HEDGE_PF
ABC,27,100.03,-400,-9907.54657656,0.08000000000000002,15517.911071263972,0.0,0,HEDGE_PF
XYZ,28,75.5,40,-518.7597733333336,0.08000000000000002,15243.377366860832,0.0,0,HEDGE_PF
ABC,28,100.03,-400,-9907.54657656,0.08000000000000002,15243.377366860832,0.0,0,HEDGE_PF
XYZ,29,0.0,40,1522.4381946666665,0.08000000000000002,14982.925569008119,0.0,1,HEDGE_PF
ABC,29,100.03,-400,-9907.54657656,0.08000000000000002,14982.925569008119,0.0,1,HEDGE_PF
XYZ,30,24.82,40,1881.5048426666665,0.08000000000000002,14731.221221501653,0.0,1,HEDGE_PF
ABC,30,100.03,-400,-9907.54657656,0.08000000000000002,14731.221221501653,0.0,1,HEDGE_PF
XYZ,31,37.25,40,2074.5681806666666,0.08000000000000002,14493.095570893553,0.0,0,HEDGE_PF
ABC,31,100.03,-400,-9907.54657656,0.08000000000000002,14493.095570893553,0.0,0,HEDGE_PF
XYZ,32,34.475,80,-1758.9009413333333,0.08000000000000002,14523.307449895834,0.0,0,HEDGE_PF
ABC,32,100.32,-400,-9907.54657656,0.08000000000000002,14523.307449895834,0.0,0,HEDGE_PF
XYZ,33,42.39,120,-4046.069825666667,0.08000000000000002,14695.925936815836,0.0,0,HEDGE_PF
ABC,33,0.0,-400,-8560.482604026667,0.08000000000000002,14695.925936815836,0.0,0,HEDGE_PF
XYZ,34,42.405,120,-4046.0364923333345,0.08000000000000002,14480.154972238048,0.0,0,HEDGE_PF
ABC,34,0.0,-400,-8551.14928936,0.08000000000000002,14480.154972238048,0.0,0,HEDGE_PF
XYZ,35,44.735,120,-3840.9710656666684,0.08000000000000002,14271.99356150319,0.0,0,HEDGE_PF
ABC,35,0.0,-400,-8541.815974693334,0.08000000000000002,14271.99356150319,0.0,0,HEDGE_PF
XYZ,36,13.96,100,2978.0588173333326,0.08000000000000002,13874.225965839769,0.0,0,HEDGE_PF
ABC,36,50.32,-400,-10554.615974693334,0.08000000000000002,13874.225965839769,0.0,0,HEDGE_PF
XYZ,37,13.96,100,3006.056938666666,0.08000000000000002,13687.33675260392,0.0,0,HEDGE_PF
ABC,37,0.0,-400,-7861.817334693335,0.08000000000000002,13687.33675260392,0.0,0,HEDGE_PF
XYZ,38,25.61,60,3257.5892766666657,0.08000000000000002,13213.008532046922,0.0,0,HEDGE_PF
ABC,38,50.32,-400,-10545.550668026668,0.08000000000000002,13213.008532046922,0.0,0,HEDGE_PF
XYZ,39,37.96,100,-2605.4457166666675,0.08000000000000002,13333.841239175004,0.0,0,HEDGE_PF
ABC,39,0.0,-400,-7181.818694693335,0.08000000000000002,13333.841239175004,0.0,0,HEDGE_PF
XYZ,40,37.96,140,-2596.2473766666676,0.08000000000000002,13577.064776753734,0.0,0,HEDGE_PF
ABC,40,50.32,-400,-10536.48536136,0.08000000000000002,13577.064776753734,0.0,0,HEDGE_PF
XYZ,41,37.965,180,-2588.215703333334,0.08000000000000002,13927.635438681387,0.0,0,HEDGE_PF
ABC,41,0.0,-400,-6501.820054693334,0.08000000000000002,13927.635438681387,0.0,0,HEDGE_PF
XYZ,42,37.965,220,-2579.017363333334,0.08000000000000002,14370.113119562113,0.0,0,HEDGE_PF
ABC,42,0.0,-400,-6492.486740026668,0.08000000000000002,14370.113119562113,0.0,0,HEDGE_PF
XYZ,43,37.965,260,-2569.819023333334,0.08000000000000002,14889.65713186984,0.0,0,HEDGE_PF
ABC,43,50.32,-400,-11519.820082693333,0.08000000000000002,14889.65713186984,0.0,0,HEDGE_PF
XYZ,44,25.6,240,3989.3787386666663,0.08000000000000002,14370.554461815313,0.0,0,HEDGE_PF
ABC,44,0.0,-400,-5807.821442693335,0.08000000000000002,14370.554461815313,0.0,0,HEDGE_PF
XYZ,45,25.6,240,4010.3753206666665,0.08000000000000002,14210.488840967771,0.0,0,HEDGE_PF
ABC,45,0.0,-400,-5798.488128026668,0.08000000000000002,14210.488840967771,0.0,0,HEDGE_PF
XYZ,46,25.6,220,4015.041110666667,0.08000000000000002,13733.49527568616,0.0,0,HEDGE_PF
ABC,46,50.32,-400,-12172.354794693334,0.08000000000000002,13733.49527568616,0.0,0,HEDGE_PF
XYZ,47,25.59,220,4032.9710306666675,0.08000000000000002,13587.1410721591,0.0,0,HEDGE_PF
ABC,47,50.32,-400,-12172.354794693334,0.08000000000000002,13587.1410721591,0.0,0,HEDGE_PF
XYZ,48,25.59,220,4051.634284000001,0.08000000000000002,13445.364166041387,0.0,0,HEDGE_PF
ABC,48,0.0,-400,-5458.488808026668,0.08000000000000002,13445.364166041387,0.0,0,HEDGE_PF
XYZ,49,25.61,180,4062.2991973333337,0.08000000000000002,12745.925028088606,0.0,0,HEDGE_PF
ABC,49,0.0,-400,-5458.488808026668,0.08000000000000002,12745.925028088606,0.0,0,HEDGE_PF
XYZ,50,25.59,220,4070.2975373333343,0.056000000000000015,13307.935195916023,0.0,0,HEDGE_PF
ABC,50,0.0,-400,-5458.488808026668,0.056000000000000015,13307.935195916023,0.0,0,HEDGE_PF
XYZ,51,25.6,200,4075.696660666667,0.056000000000000015,13016.158412056726,0.0,0,HEDGE_PF
ABC,51,0.0,-400,-5458.488808026668,0.056000000000000015,13016.158412056726,0.0,0,HEDGE_PF
XYZ,52,25.61,160,4085.5615740000007,0.056000000000000015,12498.636774490744,0.0,0,HEDGE_PF
ABC,52,0.0,-400,-5458.488808026668,0.056000000000000015,12498.636774490744,0.0,0,HEDGE_PF
XYZ,53,25.6,180,4089.694077333334,0.056000000000000015,12745.9292532261,0.0,0,HEDGE_PF
ABC,53,0.0,-400,-5458.488808026668,0.056000000000000015,12745.9292532261,0.0,0,HEDGE_PF
XYZ,54,25.61,140,4099.492324000001,0.056000000000000015,12275.671972655568,0.0,0,HEDGE_PF
ABC,54,0.0,-400,-5458.488808026668,0.056000000000000015,12275.671972655568,0.0,0,HEDGE_PF
XYZ,55,25.59,180,4107.757330666667,0.056000000000000015,12745.929281473296,0.0,0,HEDGE_PF
ABC,55,0.0,-400,-5458.488808026668,0.056000000000000015,12745.929281473296,0.0,0,HEDGE_PF
XYZ,56,25.6,180,4127.020584000001,0.056000000000000015,12745.929281473296,0.0,0,HEDGE_PF
ABC,56,0.0,-400,-5458.488808026668,0.056000000000000015,12745.929281473296,0.0,0,HEDGE_PF
XYZ,57,25.59,220,4135.618924000001,0.056000000000000015,13307.92296161154,0.0,0,HEDGE_PF
ABC,57,0.0,-400,-5458.488808026668,0.056000000000000015,13307.92296161154,0.0,0,HEDGE_PF
XYZ,58,25.6,240,4141.018094000001,0.056000000000000015,13619.857772443975,0.0,0,HEDGE_PF
ABC,58,0.0,-400,-5458.488808026668,0.056000000000000015,13619.857772443975,0.0,0,HEDGE_PF
XYZ,59,25.61,200,4151.016340666668,0.056000000000000015,13016.149798973674,0.0,0,HEDGE_PF
ABC,59,0.0,-400,-5458.488808026668,0.056000000000000015,13016.149798973674,0.0,0,HEDGE_PF
XYZ,60,25.6,180,4155.015464000001,0.056000000000000015,12745.925025821854,0.0,0,HEDGE_PF
ABC,60,0.0,-400,-5458.488808026668,0.056000000000000015,12745.925025821854,0.0,0,HEDGE_PF
XYZ,61,25.62,140,4165.280377333334,0.056000000000000015,12275.664419731213,0.0,0,HEDGE_PF
ABC,61,0.0,-400,-5458.488808026668,0.056000000000000015,12275.664419731213,0.0,0,HEDGE_PF
XYZ,62,25.59,180,4172.412047333334,0.056000000000000015,12745.925110563463,0.0,0,HEDGE_PF
ABC,62,0.0,-400,-5458.488808026668,0.056000000000000015,12745.925110563463,0.0,0,HEDGE_PF
XYZ,63,25.62,140,4183.276960666667,0.056000000000000015,7915.347795836264,0.0,0,HEDGE_PF
ABC,63,0.0,-400,-5458.488808026668,0.056000000000000015,7915.347795836264,0.0,0,HEDGE_PF
XYZ,64,25.59,180,4190.408630666668,0.056000000000000015,8611.402276496636,0.0,0,HEDGE_PF
ABC,64,0.0,-400,-5458.488808026668,0.056000000000000015,8611.402276496636,0.0,0,HEDGE_PF
XYZ,65,25.59,220,4199.606970666668,0.056000000000000015,9409.346847936007,0.0,0,HEDGE_PF
ABC,65,0.0,-400,-5458.488808026668,0.056000000000000015,9409.346847936007,0.0,0,HEDGE_PF
XYZ,66,25.6,220,4219.003557333334,0.056000000000000015,9409.35535096503,0.0,0,HEDGE_PF
ABC,66,0.0,-400,-5458.488808026668,0.056000000000000015,9409.35535096503,0.0,0,HEDGE_PF
XYZ,67,25.6,180,4228.335137333335,0.056000000000000015,8611.408496046435,0.0,0,HEDGE_PF
ABC,67,0.0,-400,-5458.488808026668,0.056000000000000015,8611.408496046435,0.0,0,HEDGE_PF
XYZ,68,25.6,160,4242.332554000001,0.056000000000000015,8248.940614159223,0.0,0,HEDGE_PF
ABC,68,0.0,-400,-5458.488808026668,0.056000000000000015,8248.940614159223,0.0,0,HEDGE_PF
XYZ,69,25.6,160,4242.332554000001,0.056000000000000015,6753.385947719207,0.0,0,HEDGE_PF
ABC,69,0.0,-400,-5458.488808026668,0.056000000000000015,6753.385947719207,0.0,0,HEDGE_PF
XYZ,70,25.6,160,4260.9958073333355,0.056000000000000015,4796.600768870133,0.0,0,HEDGE_PF
ABC,70,0.0,-400,-5458.488808026668,0.056000000000000015,4796.600768870133,0.0,0,HEDGE_PF
XYZ,71,25.59,200,4269.660814000002,0.056000000000000015,5995.750961087666,0.0,0,HEDGE_PF
ABC,71,0.0,-400,-5458.488808026668,0.056000000000000015,5995.750961087666,0.0,0,HEDGE_PF
XYZ,72,25.59,240,4278.8591540000025,0.056000000000000015,4483.417642626715,0.0,1,HEDGE_PF
ABC,72,0.0,-400,-5458.488808026668,0.056000000000000015,4483.417642626715,0.0,1,HEDGE_PF
XYZ,73,25.61,240,4299.122407333335,0.056000000000000015,4483.410475927868,0.0,1,HEDGE_PF
ABC,73,0.0,-400,-5458.488808026668,0.056000000000000015,4483.410475927868,0.0,1,HEDGE_PF
XYZ,74,25.59,280,4306.720747333336,0.056000000000000015,5230.654249511049,0.0,1,HEDGE_PF
ABC,74,0.0,-400,-5458.488808026668,0.056000000000000015,5230.654249511049,0.0,1,HEDGE_PF
XYZ,75,62.46,280,7766.5840006666685,0.056000000000000015,4752.01576664051,0.0,1,HEDGE_PF
ABC,75,0.0,-400,-5458.488808026668,0.056000000000000015,4752.01576664051,0.0,1,HEDGE_PF
XYZ,76,62.45,300,7779.644445666668,0.056000000000000015,5091.44546425769,0.0,1,HEDGE_PF
ABC,76,0.0,-400,-5458.488808026668,0.056000000000000015,5091.44546425769,0.0,1,HEDGE_PF
XYZ,77,44.02,300,5955.302785666668,0.056000000000000015,3888.0630598202456,0.0,1,HEDGE_PF
ABC,77,0.0,-400,-5458.488808026668,0.056000000000000015,3888.0630598202456,0.0,1,HEDGE_PF
XYZ,78,71.7,280,8552.298360666668,0.056000000000000015,4028.2813306917874,0.0,1,HEDGE_PF
ABC,78,0.0,-400,-5458.488808026668,0.056000000000000015,4028.2813306917874,0.0,1,HEDGE_PF
XYZ,79,85.52,240,9667.226867333333,0.056000000000000015,3520.5071714534747,0.0,1,HEDGE_PF
ABC,79,0.0,-400,-5458.488808026668,0.056000000000000015,3520.5071714534747,0.0,1,HEDGE_PF
XYZ,80,64.78,240,8026.015464000001,0.056000000000000015,3487.6232804130873,0.0,1,HEDGE_PF
ABC,80,0.0,-400,-5458.488808026668,0.056000000000000015,3487.6232804130873,0.0,1,HEDGE_PF
XYZ,81,45.16,260,6339.142342333333,0.056000000000000015,3905.893507834543,0.0,1,HEDGE_PF
ABC,81,0.0,-400,-5458.488808026668,0.056000000000000015,3905.893507834543,0.0,1,HEDGE_PF
XYZ,82,45.16,240,6353.071137333333,0.056000000000000015,3441.999379504882,0.0,1,HEDGE_PF
ABC,82,0.0,-400,-5458.488808026668,0.056000000000000015,3441.999379504882,0.0,1,HEDGE_PF
XYZ,83,65.34,200,7707.601414,0.056000000000000015,2971.553036401494,0.0,1,HEDGE_PF
ABC,83,0.0,-400,-5458.488808026668,0.056000000000000015,2971.553036401494,0.0,1,HEDGE_PF
XYZ,84,65.33,200,7725.592700666667,0.056000000000000015,2971.5780740199166,0.0,1,HEDGE_PF
ABC,84,0.0,-400,-5458.488808026668,0.056000000000000015,2971.5780740199166,0.0,1,HEDGE_PF
XYZ,85,62.46,200,7552.250657333333,0.056000000000000015,2972.4243982421663,0.0,1,HEDGE_PF
ABC,85,0.0,-400,-5458.488808026668,0.056000000000000015,2972.4243982421663,0.0,1,HEDGE_PF
XYZ,86,44.02,220,6214.044435666668,0.056000000000000015,3418.0462301886405,0.0,1,HEDGE_PF
ABC,86,0.0,-400,-5458.488808026668,0.056000000000000015,3418.0462301886405,0.0,1,HEDGE_PF
XYZ,87,44.03,240,6219.309657333334,0.056000000000000015,3728.7725877472535,0.0,1,HEDGE_PF
ABC,87,0.0,-400,-5458.488808026668,0.056000000000000015,3728.7725877472535,0.0,1,HEDGE_PF
XYZ,88,34.79,260,5432.038610666667,0.056000000000000015,4023.69104112952,0.0,1,HEDGE_PF
ABC,88,0.0,-400,-5458.488808026668,0.056000000000000015,4023.69104112952,0.0,1,HEDGE_PF
XYZ,89,34.8,260,5451.567304,0.056000000000000015,4023.685751230565,0.0,1,HEDGE_PF
ABC,89,0.0,-400,-5458.488808026668,0.056000000000000015,4023.685751230565,0.0,1,HEDGE_PF
XYZ,90,34.8,260,5470.229330666668,0.056000000000000015,4023.685751230565,0.0,1,HEDGE_PF
ABC,90,0.0,-400,-5458.488808026668,0.056000000000000015,4023.685751230565,0.0,1,HEDGE_PF
XYZ,91,39.41,220,5817.626964,0.056000000000000015,3412.2032123041754,0.0,1,HEDGE_PF
ABC,91,0.0,-400,-5458.488808026668,0.056000000000000015,3412.2032123041754,0.0,1,HEDGE_PF
XYZ,92,39.4,240,5821.559007333334,0.056000000000000015,3722.4059228003243,0.0,0,HEDGE_PF
ABC,92,0.0,-400,-5458.488808026668,0.056000000000000015,3722.4059228003243,0.0,0,HEDGE_PF
XYZ,93,39.41,240,5841.020420666668,0.056000000000000015,3722.4035903065624,0.0,0,HEDGE_PF
ABC,93,0.0,-400,-5458.488808026668,0.056000000000000015,3722.4035903065624,0.0,0,HEDGE_PF
XYZ,94,41.72,200,6004.217747333333,0.056000000000000015,3103.4208067898758,0.0,0,HEDGE_PF
ABC,94,0.0,-400,-5458.488808026668,0.056000000000000015,3103.4208067898758,0.0,0,HEDGE_PF
XYZ,95,70.55,160,7550.881587333334,0.056000000000000015,2701.1336483750065,0.0,0,HEDGE_PF
ABC,95,0.0,-400,-5458.488808026668,0.056000000000000015,2701.1336483750065,0.0,0,HEDGE_PF
XYZ,96,67.06,160,7383.405514000001,0.056000000000000015,2705.9243254246894,0.0,0,HEDGE_PF
ABC,96,0.0,-400,-5458.488808026668,0.056000000000000015,2705.9243254246894,0.0,0,HEDGE_PF
XYZ,97,67.06,160,7402.063240666667,0.056000000000000015,2705.9199399286576,0.0,0,HEDGE_PF
ABC,97,0.0,-400,-5458.488808026668,0.056000000000000015,2705.9199399286576,0.0,0,HEDGE_PF
XYZ,98,83.2,120,8056.858724000001,0.056000000000000015,2073.995768064051,0.0,0,HEDGE_PF
ABC,98,0.0,-400,-5458.488808026668,0.056000000000000015,2073.995768064051,0.0,0,HEDGE_PF
XYZ,99,67.06,120,7429.914297333334,0.056000000000000015,2129.6700773488606,-41.71999999999999,0,HEDGE_PF
ABC,99,0.0,-400,-5458.488808026668,0.056000000000000015,2129.6700773488606,-1.5340816326530613,0,HEDGE_PF
XYZ,100,83.2,100,7981.840902333333,0.07840000000000003,1810.1372907625496,-41.71999999999999,0,HEDGE_PF
ABC,100,0.0,-400,-5458.488808026668,0.07840000000000003,1810.1372907625496,-1.5340816326530613,0,HEDGE_PF
XYZ,101,91.28,80,8211.299225666668,0.07840000000000003,1453.6717093414713,-41.71999999999999,0,
ABC,101,0.0,-400,-5458.488808026668,0.07840000000000003,1453.6717093414713,-1.534081632653061,0,
XYZ,102,91.3,60,8216.496159,0.07840000000000003,1090.2513993793038,-41.71999999999999,0,
ABC,102,0.0,-400,-5458.488808026668,0.07840000000000003,1090.2513993793038,-1.534081632653061,0,
XYZ,103,95.32,20,8252.623359,0.07840000000000003,363.57751301246134,-41.71999999999999,0,
ABC,103,0.0,-400,-5458.488808026668,0.07840000000000003,363.57751301246134,-1.5340816326530613,0,
XYZ,104,93.29,60,8220.950382333334,0.07840000000000003,1091.6240260361753,-41.71999999999999,0,
ABC,104,0.0,-400,-5458.488808026668,0.07840000000000003,1091.6240260361753,-1.5340816326530613,0,
XYZ,105,96.32,20,8250.610782333335,0.07840000000000003,363.8971966046095,-41.71999999999999,1,
ABC,105,0.0,-400,-5458.488808026668,0.07840000000000003,363.8971966046095,-1.534081632653061,1,
XYZ,106,95.31,20,8261.864605666668,0.07840000000000003,364.0158118903123,-41.71999999999999,1,
ABC,106,0.0,-400,-5458.488808026668,0.07840000000000003,364.0158118903123,-1.534081632653061,1,
XYZ,107,91.27,20,8253.585232333333,0.07840000000000003,364.84623006747506,-41.71999999999999,1,
ABC,107,0.0,-400,-5458.488808026668,0.07840000000000003,364.84623006747506,-1.5340816326530613,1,
XYZ,108,87.21,20,8244.506395666665,0.07840000000000003,365.6629403342897,-41.71999999999999,1,
ABC,108,0.0,-400,-5458.488808026668,0.07840000000000003,365.6629403342897,-1.5185858585858587,1,
XYZ,109,91.25,20,8290.094769000001,0.07840000000000003,365.8472096356675,-41.71999999999999,1,
ABC,109,0.0,-400,-5458.488808026668,0.07840000000000003,365.8472096356675,-1.5184848484848483,1,
XYZ,110,63.0,20,8120.415935666667,0.07840000000000003,390.9911877758466,-41.71999999999999,1,
ABC,110,0.0,-400,-5458.488808026668,0.07840000000000003,390.9911877758466,-1.5184848484848483,1,
XYZ,111,62.47,20,8135.5408689999995,0.07840000000000003,391.0223711500352,-43.64399999999999,1,
ABC,111,0.0,-400,-5458.488808026668,0.07840000000000003,391.0223711500352,-1.5184848484848483,1,
XYZ,112,62.47,20,8153.532539,0.07840000000000003,391.0210883964898,-43.64399999999999,1,
ABC,112,0.0,-400,-5458.488808026668,0.07840000000000003,391.0210883964898,-1.5184848484848483,1,
XYZ,113,80.94,-20,8039.461662333332,0.07840000000000003,399.65415885789065,-43.64399999999999,1,
ABC,113,0.0,-400,-5458.488808026668,0.07840000000000003,399.65415885789065,-1.5184848484848483,1,
XYZ,114,53.26,20,7864.122979,0.07840000000000003,421.6294564860167,-43.64399999999999,1,
ABC,114,0.0,-400,-5458.488808026668,0.07840000000000003,421.6294564860167,-0.5083838383838384,1,
XYZ,115,39.41,40,7693.517677333332,0.07840000000000003,853.9086036132524,-45.25599999999999,1,
ABC,115,0.0,-400,-5458.488808026668,0.07840000000000003,853.9086036132524,-0.5083838383838384,1,
XYZ,116,60.17,40,7988.979090666665,0.07840000000000003,875.0358210080221,-45.25599999999999,1,
ABC,116,0.0,-400,-5458.488808026668,0.07840000000000003,875.0358210080221,-0.5083838383838384,1,
XYZ,117,60.17,60,7993.443773999999,0.07840000000000003,1312.5537315120334,-45.25599999999999,1,
ABC,117,0.0,-400,-5458.488808026668,0.07840000000000003,1312.5537315120334,-0.5083838383838384,1,
XYZ,118,70.58,60,8219.635750666666,0.07840000000000003,1319.5303443626121,-45.25599999999999,1,
ABC,118,0.0,-400,-5458.488808026668,0.07840000000000003,1319.5303443626121,-0.5083838383838384,1,
XYZ,119,70.6,80,8224.700087333333,0.07840000000000003,1759.3701956816992,-45.25599999999999,1,HEDGE_PF
ABC,119,0.0,-400,-5458.488808026668,0.07840000000000003,1759.3701956816992,-0.5083838383838384,1,HEDGE_PF
XYZ,120,70.61,40,8234.162000666665,0.07840000000000003,879.6841932830214,-45.25599999999999,0,
ABC,120,0.0,-400,-5458.488808026668,0.07840000000000003,879.6841932830214,-0.5033,0,
XYZ,121,70.61,0,8243.357247333333,0.07840000000000003,0.0,-45.25599999999999,0,
ABC,121,0.0,-400,-5458.488808026668,0.07840000000000003,0.0,0.0,0,
XYZ,122,65.4,0,8262.014500666666,0.07840000000000003,0.0,-45.25599999999999,1,
ABC,122,0.0,-400,-5458.488808026668,0.07840000000000003,0.0,0.0,1,
XYZ,123,48.09,0,8280.672447333332,0.07840000000000003,0.0,-29.188,1,
ABC,123,0.0,-400,-5458.488808026668,0.07840000000000003,0.0,0.0,1,
XYZ,124,48.09,0,8299.332700666666,0.07840000000000003,0.0,-29.188,1,
ABC,124,0.0,-400,-5458.488808026668,0.07840000000000003,0.0,0.0,1,
XYZ,125,48.08,0,8317.992954,0.07840000000000003,0.0,-29.188,1,
ABC,125,0.0,-400,-5458.488808026668,0.07840000000000003,0.0,0.0,1,
XYZ,126,36.82,40,8176.923127333333,0.07840000000000003,834.1174218037718,-29.188,1,
ABC,126,0.0,-400,-5458.488808026668,0.07840000000000003,834.1174218037718,0.0,1,
XYZ,127,53.72,40,8420.251550666666,0.07840000000000003,831.8336076158402,-29.188,1,
ABC,127,0.0,-400,-5458.488808026668,0.07840000000000003,831.8336076158402,0.0,1,
XYZ,128,45.25,60,8264.312867333332,0.07840000000000003,1189.771541004698,-22.984,1,
ABC,128,0.0,-400,-5458.488808026668,0.07840000000000003,1189.771541004698,0.0,1,
XYZ,129,57.95,20,8358.309803999999,0.07840000000000003,395.72341622210047,-22.984,1,
ABC,129,0.0,-400,-5458.488808026668,0.07840000000000003,395.72341622210047,0.0,1,
XYZ,130,57.95,60,8367.639320666665,0.07840000000000003,1151.6028030542864,-22.984,1,
ABC,130,0.0,-400,-5458.488808026668,0.07840000000000003,1151.6028030542864,0.0,1,
XYZ,131,51.59,80,8212.033549,0.07840000000000003,1495.061050354364,-22.984,1,
ABC,131,0.0,-400,-5458.488808026668,0.07840000000000003,1495.061050354364,0.0,1,
XYZ,132,57.95,80,8400.293335666665,0.07840000000000003,1499.5738550044468,-22.984,1,
ABC,132,0.0,-400,-5458.488808026668,0.07840000000000003,1499.5738550044468,0.0,1,
XYZ,133,57.95,80,8418.952275666665,0.07840000000000003,1450.7543625961196,-22.945999999999998,0,
ABC,133,0.0,-400,-5458.488808026668,0.07840000000000003,1450.7543625961196,0.0,0,
XYZ,134,58.89,80,8462.677882333332,0.07840000000000003,1450.8948359017504,-22.945999999999998,0,
ABC,134,0.0,-400,-5458.488808026668,0.07840000000000003,1450.8948359017504,0.0,0,
XYZ,135,69.93,80,8775.736695666666,0.07840000000000003,1464.7201299347535,-22.945999999999998,0,
ABC,135,0.0,-400,-5458.488808026668,0.07840000000000003,1464.7201299347535,0.0,0,
XYZ,136,75.47,40,8859.198652333333,0.07840000000000003,712.174150133496,-22.945999999999998,1,
ABC,136,0.0,-400,-5458.488808026668,0.07840000000000003,712.174150133496,0.0,1,
XYZ,137,87.44,0,8868.260242333332,0.07840000000000003,0.0,-22.945999999999998,1,
ABC,137,0.0,-400,-5458.488808026668,0.07840000000000003,0.0,0.0,1,
XYZ,138,84.66,0,8886.915248999998,0.07840000000000003,0.0,-22.945999999999998,1,
ABC,138,0.0,-400,-5458.488808026668,0.07840000000000003,0.0,0.0,1,
XYZ,139,84.66,-20,8900.840094,0.07840000000000003,357.19919828486024,-22.945999999999998,1,
ABC,139,0.0,-400,-5458.488808026668,0.07840000000000003,357.19919828486024,0.0,1,
XYZ,140,77.3,-20,8968.562140666665,0.07840000000000003,359.3011405890209,-22.945999999999998,1,
ABC,140,0.0,-400,-5458.488808026668,0.07840000000000003,359.3011405890209,0.0,1,
XYZ,141,84.66,-20,8938.151833999998,0.07840000000000003,360.16888167573694,-22.945999999999998,1,
ABC,141,0.0,-400,-5458.488808026668,0.07840000000000003,360.16888167573694,0.0,1,
XYZ,142,0.0,-60,10640.546143999998,0.07840000000000003,1613.4078820361347,-22.945999999999998,1,HEDGE_PF
ABC,142,0.0,-400,-5458.488808026668,0.07840000000000003,1613.4078820361347,0.0,1,HEDGE_PF
XYZ,143,0.0,-100,10649.879430666666,0.07840000000000003,2689.0114979985424,-36.19,1,HEDGE_PF
ABC,143,0.0,-400,-5458.488808026668,0.07840000000000003,2689.0114979985424,0.0,1,HEDGE_PF
XYZ,144,34.95,-120,9256.546074,0.07840000000000003,3377.7920580436885,-36.19,0,HEDGE_PF
ABC,144,0.0,-400,-5458.488808026668,0.07840000000000003,3377.7920580436885,0.0,0,HEDGE_PF
XYZ,145,34.96,-120,9256.146073999998,0.07840000000000003,3274.895610626552,-36.19,0,HEDGE_PF
ABC,145,0.0,-400,-5458.488808026668,0.07840000000000003,3274.895610626552,0.0,0,HEDGE_PF
XYZ,146,52.42,-120,8557.746074,0.07840000000000003,3312.9957992914965,-36.19,0,HEDGE_PF
ABC,146,0.0,-400,-5458.488808026668,0.07840000000000003,3312.9957992914965,0.0,0,HEDGE_PF
XYZ,147,0.0,-160,11362.542534,0.07840000000000003,4826.946618906111,-36.19,0,HEDGE_PF
ABC,147,0.0,-400,-5458.488808026668,0.07840000000000003,4826.946618906111,0.0,0,HEDGE_PF
XYZ,148,34.94,-160,9499.075867333333,0.07840000000000003,4972.624359211608,-42.75,0,HEDGE_PF
ABC,148,0.0,-400,-5458.488808026668,0.07840000000000003,4972.624359211608,0.0,0,HEDGE_PF
XYZ,149,52.39,-180,8456.808012333333,0.07840000000000003,5608.0673211542235,-42.75,1,HEDGE_PF
ABC,149,0.0,-400,-5458.488808026668,0.07840000000000003,5608.0673211542235,0.0,1,HEDGE_PF
XYZ,150,0.0,-220,12308.204472333333,0.04952000000000002,7300.7682605099435,-42.75,1,HEDGE_PF
ABC,150,0.0,-400,-5458.488808026668,0.04952000000000002,7300.7682605099435,0.0,1,HEDGE_PF
XYZ,151,0.0,-260,12317.537758999999,0.04952000000000002,8607.809689430364,-49.080000000000005,1,HEDGE_PF
ABC,151,0.0,-400,-5458.488808026668,0.04952000000000002,8607.809689430364,0.0,1,HEDGE_PF
XYZ,152,0.0,-300,12326.871045666667,0.04952000000000002,9932.069617760479,-49.080000000000005,1,HEDGE_PF
ABC,152,0.0,-400,-5458.488808026668,0.04952000000000002,9932.069617760479,0.0,1,HEDGE_PF
XYZ,153,0.0,-340,12336.204332333335,0.04952000000000002,11247.450769000303,-49.080000000000005,1,HEDGE_PF
ABC,153,0.0,-400,-5458.488808026668,0.04952000000000002,11247.450769000303,0.0,1,HEDGE_PF
XYZ,154,0.0,-380,12345.537619000002,0.04952000000000002,12571.808831560576,-49.080000000000005,1,HEDGE_PF
ABC,154,0.0,-400,-5458.488808026668,0.04952000000000002,12571.808831560576,0.0,1,HEDGE_PF
XYZ,155,0.0,-400,12350.204262333335,0.04952000000000002,13226.538037651917,-49.080000000000005,1,HEDGE_PF
ABC,155,0.0,-400,-5458.488808026668,0.04952000000000002,13226.538037651917,0.0,1,HEDGE_PF
XYZ,156,0.0,-400,12350.204262333335,0.04952000000000002,13227.49604886699,-49.080000000000005,1,HEDGE_PF
ABC,156,0.0,-400,-5458.488808026668,0.04952000000000002,13227.49604886699,0.0,1,HEDGE_PF
XYZ,157,0.0,-400,12350.204262333335,0.04952000000000002,13227.077364483222,-49.080000000000005,1,HEDGE_PF
ABC,157,0.0,-400,-5458.488808026668,0.04952000000000002,13227.077364483222,0.0,1,HEDGE_PF
XYZ,158,0.0,-400,12350.204262333335,0.04952000000000002,13226.40827318573,-49.080000000000005,1,HEDGE_PF
ABC,158,0.0,-400,-5458.488808026668,0.04952000000000002,13226.40827318573,0.0,1,HEDGE_PF
XYZ,159,0.0,-400,12350.204262333335,0.04952000000000002,13216.0732859342,-49.080000000000005,1,HEDGE_PF
ABC,159,0.0,-400,-5458.488808026668,0.04952000000000002,13216.0732859342,0.0,1,HEDGE_PF
XYZ,160,0.0,-400,12350.204262333335,0.04952000000000002,12974.773106710272,-49.080000000000005,1,HEDGE_PF
ABC,160,0.0,-400,-5458.488808026668,0.04952000000000002,12974.773106710272,0.0,1,HEDGE_PF
XYZ,161,0.0,-400,12350.204262333335,0.04952000000000002,12975.132496259675,-49.080000000000005,1,HEDGE_PF
ABC,161,0.0,-400,-5458.488808026668,0.04952000000000002,12975.132496259675,0.0,1,HEDGE_PF
XYZ,162,0.0,-400,12350.204262333335,0.04952000000000002,12975.132496259675,-49.080000000000005,1,HEDGE_PF
ABC,162,0.0,-400,-5458.488808026668,0.04952000000000002,12975.132496259675,0.0,1,HEDGE_PF
XYZ,163,0.0,-400,12350.204262333335,0.04952000000000002,12839.409938248085,-49.080000000000005,1,HEDGE_PF
ABC,163,0.0,-400,-5458.488808026668,0.04952000000000002,12839.409938248085,0.0,1,HEDGE_PF
XYZ,164,0.0,-400,12350.204262333335,0.04952000000000002,12597.606640353459,-49.080000000000005,1,HEDGE_PF
ABC,164,0.0,-400,-5458.488808026668,0.04952000000000002,12597.606640353459,0.0,1,HEDGE_PF
XYZ,165,0.0,-400,12350.204262333335,0.04952000000000002,12538.8447475808,-49.080000000000005,1,HEDGE_PF
ABC,165,0.0,-400,-5458.488808026668,0.04952000000000002,12538.8447475808,0.0,1,HEDGE_PF
XYZ,166,0.0,-400,12350.204262333335,0.04952000000000002,12370.277709339742,-49.080000000000005,1,HEDGE_PF
ABC,166,0.0,-400,-5458.488808026668,0.04952000000000002,12370.277709339742,0.0,1,HEDGE_PF
XYZ,167,0.0,-400,12350.204262333335,0.04952000000000002,12370.277709339742,-49.080000000000005,1,HEDGE_PF
ABC,167,0.0,-400,-5458.488808026668,0.04952000000000002,12370.277709339742,0.0,1,HEDGE_PF
XYZ,168,0.0,-400,12350.204262333335,0.04952000000000002,12321.460991098713,-49.080000000000005,1,HEDGE_PF
ABC,168,0.0,-400,-5458.488808026668,0.04952000000000002,12321.460991098713,0.0,1,HEDGE_PF
XYZ,169,0.0,-400,12350.204262333335,0.04952000000000002,12321.440474826546,-49.080000000000005,1,HEDGE_PF
ABC,169,0.0,-400,-5458.488808026668,0.04952000000000002,12321.440474826546,0.0,1,HEDGE_PF
XYZ,170,0.0,-400,12350.204262333335,0.04952000000000002,12321.43025058771,-49.080000000000005,0,HEDGE_PF
ABC,170,0.0,-400,-5458.488808026668,0.04952000000000002,12321.43025058771,0.0,0,HEDGE_PF
XYZ,171,0.0,-400,12350.204262333335,0.04952000000000002,12321.43025058771,-49.080000000000005,0,HEDGE_PF
ABC,171,0.0,-400,-5458.488808026668,0.04952000000000002,12321.43025058771,0.0,0,HEDGE_PF
XYZ,172,0.0,-400,12350.204262333335,0.04952000000000002,12316.749824925237,-49.080000000000005,0,HEDGE_PF
ABC,172,0.0,-400,-5458.488808026668,0.04952000000000002,12316.749824925237,0.0,0,HEDGE_PF
XYZ,173,0.0,-400,12350.204262333335,0.04952000000000002,12222.434482067165,-49.080000000000005,0,HEDGE_PF
ABC,173,0.0,-400,-5458.488808026668,0.04952000000000002,12222.434482067165,0.0,0,HEDGE_PF
XYZ,174,0.0,-400,12350.204262333335,0.04952000000000002,12222.434482067165,-49.080000000000005,0,HEDGE_PF
ABC,174,0.0,-400,-5458.488808026668,0.04952000000000002,12222.434482067165,0.0,0,HEDGE_PF
XYZ,175,0.0,-400,12350.204262333335,0.04952000000000002,12222.441440472505,-49.080000000000005,0,HEDGE_PF
ABC,175,0.0,-400,-5458.488808026668,0.04952000000000002,12222.441440472505,0.0,0,HEDGE_PF
XYZ,176,0.0,-400,12350.204262333335,0.04952000000000002,12183.223184037353,-49.080000000000005,0,HEDGE_PF
ABC,176,0.0,-400,-5458.488808026668,0.04952000000000002,12183.223184037353,0.0,0,HEDGE_PF
XYZ,177,0.0,-400,12350.204262333335,0.04952000000000002,12067.305514589107,-49.080000000000005,0,HEDGE_PF
ABC,177,0.0,-400,-5458.488808026668,0.04952000000000002,12067.305514589107,0.0,0,HEDGE_PF
XYZ,178,0.0,-400,12350.204262333335,0.04952000000000002,12047.038742193798,-49.080000000000005,0,HEDGE_PF
ABC,178,0.0,-400,-5458.488808026668,0.04952000000000002,12047.038742193798,0.0,0,HEDGE_PF
XYZ,179,0.0,-400,12350.204262333335,0.04952000000000002,11977.657568564726,-49.080000000000005,0,HEDGE_PF
ABC,179,0.0,-400,-5458.488808026668,0.04952000000000002,11977.657568564726,0.0,0,HEDGE_PF
XYZ,180,0.0,-400,12350.204262333335,0.04952000000000002,11977.657568564726,-49.080000000000005,0,HEDGE_PF
ABC,180,0.0,-400,-5458.488808026668,0.04952000000000002,11977.657568564726,0.0,0,HEDGE_PF
XYZ,181,0.0,-400,12350.204262333335,0.04952000000000002,11967.813417895824,-49.080000000000005,0,HEDGE_PF
ABC,181,0.0,-400,-5458.488808026668,0.04952000000000002,11967.813417895824,0.0,0,HEDGE_PF
XYZ,182,0.0,-400,12350.204262333335,0.04952000000000002,11947.598229428235,-49.080000000000005,0,HEDGE_PF
ABC,182,0.0,-400,-5458.488808026668,0.04952000000000002,11947.598229428235,0.0,0,HEDGE_PF
XYZ,183,0.0,-400,12350.204262333335,0.04952000000000002,11947.598229428235,-49.080000000000005,0,HEDGE_PF
ABC,183,0.0,-400,-5458.488808026668,0.04952000000000002,11947.598229428235,0.0,0,HEDGE_PF
XYZ,184,0.0,-400,12350.204262333335,0.04952000000000002,11946.452242133115,-49.080000000000005,0,HEDGE_PF
ABC,184,0.0,-400,-5458.488808026668,0.04952000000000002,11946.452242133115,0.0,0,HEDGE_PF
XYZ,185,0.0,-400,12350.204262333335,0.04952000000000002,11890.389484971052,-49.080000000000005,0,HEDGE_PF
ABC,185,0.0,-400,-5458.488808026668,0.04952000000000002,11890.389484971052,0.0,0,HEDGE_PF
XYZ,186,0.0,-400,12350.204262333335,0.04952000000000002,11872.88097249031,-49.080000000000005,0,HEDGE_PF
ABC,186,0.0,-400,-5458.488808026668,0.04952000000000002,11872.88097249031,0.0,0,HEDGE_PF
XYZ,187,0.0,-400,12350.204262333335,0.04952000000000002,11804.442247399053,-49.080000000000005,0,HEDGE_PF
ABC,187,0.0,-400,-5458.488808026668,0.04952000000000002,11804.442247399053,0.0,0,HEDGE_PF
XYZ,188,0.0,-400,12350.204262333335,0.04952000000000002,11805.135204519933,-49.080000000000005,0,HEDGE_PF
ABC,188,0.0,-400,-5458.488808026668,0.04952000000000002,11805.135204519933,0.0,0,HEDGE_PF
XYZ,189,0.0,-400,12350.204262333335,0.04952000000000002,11805.135204519933,-49.080000000000005,0,HEDGE_PF
ABC,189,0.0,-400,-5458.488808026668,0.04952000000000002,11805.135204519933,0.0,0,HEDGE_PF
XYZ,190,0.0,-400,12350.204262333335,0.04952000000000002,11793.710094549793,-49.080000000000005,1,HEDGE_PF
ABC,190,0.0,-400,-5458.488808026668,0.04952000000000002,11793.710094549793,0.0,1,HEDGE_PF
XYZ,191,0.0,-400,12350.204262333335,0.04952000000000002,11764.272345497477,-49.080000000000005,0,HEDGE_PF
ABC,191,0.0,-400,-5458.488808026668,0.04952000000000002,11764.272345497477,0.0,0,HEDGE_PF
XYZ,192,0.0,-400,12350.204262333335,0.04952000000000002,8715.299783245366,-49.080000000000005,0,HEDGE_PF
ABC,192,0.0,-400,-5458.488808026668,0.04952000000000002,8715.299783245366,0.0,0,HEDGE_PF
XYZ,193,0.0,-400,12350.204262333335,0.04952000000000002,8715.299783245366,-49.080000000000005,0,HEDGE_PF
ABC,193,0.0,-400,-5458.488808026668,0.04952000000000002,8715.299783245366,0.0,0,HEDGE_PF
XYZ,194,0.0,-400,12350.204262333335,0.04952000000000002,8054.834834699325,-49.080000000000005,0,HEDGE_PF
ABC,194,0.0,-400,-5458.488808026668,0.04952000000000002,8054.834834699325,0.0,0,HEDGE_PF
XYZ,195,0.0,-400,12350.204262333335,0.04952000000000002,8054.827063828223,-49.080000000000005,0,HEDGE_PF
ABC,195,0.0,-400,-5458.488808026668,0.04952000000000002,8054.827063828223,0.0,0,HEDGE_PF
XYZ,196,0.0,-400,12350.204262333335,0.04952000000000002,7867.586372103854,-49.080000000000005,0,HEDGE_PF
ABC,196,0.0,-400,-5458.488808026668,0.04952000000000002,7867.586372103854,0.0,0,HEDGE_PF
XYZ,197,0.0,-400,12350.204262333335,0.04952000000000002,6161.135476981031,-49.080000000000005,0,HEDGE_PF
ABC,197,0.0,-400,-5458.488808026668,0.04952000000000002,6161.135476981031,0.0,0,HEDGE_PF
XYZ,198,0.0,-400,12350.204262333335,0.04952000000000002,5185.541592553082,-49.080000000000005,0,HEDGE_PF
ABC,198,0.0,-400,-5458.488808026668,0.04952000000000002,5185.541592553082,0.0,0,HEDGE_PF
XYZ,199,0.0,-400,12350.204262333335,0.04952000000000002,4889.982803159945,-49.080000000000005,0,HEDGE_PF
ABC,199,0.0,-400,-5458.488808026668,0.04952000000000002,4889.982803159945,0.0,0,HEDGE_PF
XYZ,200,0.0,-400,12350.204262333335,0.04952000000000002,0.0,-49.080000000000005,0,
ABC,200,0.0,-400,-5458.488808026668,0.04952000000000002,0.0,0.0,0,
XYZ,201,0.0,-400,12350.204262333335,0.04952000000000002,0.0,-49.080000000000005,0,
ABC,201,0.0,-400,-5458.488808026668,0.04952000000000002,0.0,0.0,0,
XYZ,202,0.0,-400,12350.204262333335,0.04952000000000002,0.0,-49.080000000000005,0,
ABC,202,0.0,-400,-5458.488808026668,0.04952000000000002,0.0,0.0,0,
XYZ,203,0.0,-400,12350.204262333335,0.04952000000000002,0.0,-49.080000000000005,0,
ABC,203,0.0,-400,-5458.488808026668,0.04952000000000002,0.0,0.0,0,
XYZ,204,0.0,-400,12350.204262333335,0.04952000000000002,0.0,-49.080000000000005,0,
ABC,204,0.0,-400,-5458.488808026668,0.04952000000000002,0.0,0.0,0,
XYZ,205,0.0,-400,12350.204262333335,0.04952000000000002,0.0,-49.080000000000005,0,
ABC,205,0.0,-400,-5458.488808026668,0.04952000000000002,0.0,0.0,0,
XYZ,206,0.0,-400,12350.204262333335,0.04952000000000002,0.0,-49.080000000000005,0,
ABC,206,0.0,-400,-5458.488808026668,0.04952000000000002,0.0,0.0,0,
XYZ,207,0.0,-400,12350.204262333335,0.04952000000000002,0.0,-49.080000000000005,0,
ABC,207,0.0,-400,-5458.488808026668,0.04952000000000002,0.0,0.0,0,
XYZ,208,0.0,-400,12350.204262333335,0.04952000000000002,0.0,-49.080000000000005,0,
ABC,208,0.0,-400,-5458.488808026668,0.04952000000000002,0.0,0.0,0,
XYZ,209,0.0,-400,12350.204262333335,0.04952000000000002,0.0,-49.080000000000005,0,
ABC,209,0.0,-400,-5458.488808026668,0.04952000000000002,0.0,0.0,0,
XYZ,210,0.0,-400,12350.204262333335,0.04952000000000002,0.0,-49.080000000000005,0,
ABC,210,0.0,-400,-5458.488808026668,0.04952000000000002,0.0,0.0,0,
XYZ,211,0.0,-400,12350.204262333335,0.04952000000000002,0.0,-46.89200000000001,0,
ABC,211,0.0,-400,-5458.488808026668,0.04952000000000002,0.0,0.0,0,
XYZ,212,0.0,-400,12350.204262333335,0.04952000000000002,0.0,-46.89200000000001,0,
ABC,212,0.0,-400,-5458.488808026668,0.04952000000000002,0.0,0.0,0,
XYZ,213,0.0,-400,12350.204262333335,0.04952000000000002,0.0,-46.89200000000001,0,
ABC,213,0.0,-400,-5458.488808026668,0.04952000000000002,0.0,0.0,0,
XYZ,214,0.0,-400,12350.204262333335,0.04952000000000002,0.0,-46.89200000000001,0,
ABC,214,0.0,-400,-5458.488808026668,0.04952000000000002,0.0,0.0,0,
XYZ,215,0.0,-400,12350.204262333335,0.04952000000000002,0.0,-44.126,0,
ABC,215,0.0,-400,-5458.488808026668,0.04952000000000002,0.0,0.0,0,
XYZ,216,0.0,-400,12350.204262333335,0.04952000000000002,0.0,-43.608000000000004,0,
ABC,216,0.0,-400,-5458.488808026668,0.04952000000000002,0.0,0.0,0,
XYZ,217,0.0,-400,12350.204262333335,0.04952000000000002,0.0,-43.608000000000004,0,
ABC,217,0.0,-400,-5458.488808026668,0.04952000000000002,0.0,0.0,0,
XYZ,218,0.0,-400,12350.204262333335,0.04952000000000002,0.0,-43.608000000000004,0,
ABC,218,0.0,-400,-5458.488808026668,0.04952000000000002,0.0,0.0,0,
XYZ,219,0.0,-400,12350.204262333335,0.04952000000000002,0.0,-43.608000000000004,0,
ABC,219,0.0,-400,-5458.488808026668,0.04952000000000002,0.0,0.0,0,
XYZ,220,0.0,-400,12350.204262333335,0.04952000000000002,0.0,-43.608000000000004,0,
ABC,220,0.0,-400,-5458.488808026668,0.04952000000000002,0.0,0.0,0,
XYZ,221,0.0,-400,12350.204262333335,0.04952000000000002,0.0,-43.608000000000004,0,
ABC,221,0.0,-400,-5458.488808026668,0.04952000000000002,0.0,0.0,0,
XYZ,222,0.0,-400,12350.204262333335,0.04952000000000002,0.0,-43.608000000000004,0,
ABC,222,0.0,-400,-5458.488808026668,0.04952000000000002,0.0,0.0,0,
XYZ,223,0.0,-400,12350.204262333335,0.04952000000000002,0.0,-43.608000000000004,0,
ABC,223,0.0,-400,-5458.488808026668,0.04952000000000002,0.0,0.0,0,
XYZ,224,0.0,-400,12350.204262333335,0.04952000000000002,0.0,-41.839999999999996,0,
ABC,224,0.0,-400,-5458.488808026668,0.04952000000000002,0.0,0.0,0,
XYZ,225,0.0,-400,12350.204262333335,0.04952000000000002,0.0,-41.839999999999996,0,
ABC,225,0.0,-400,-5458.488808026668,0.04952000000000002,0.0,0.0,0,
XYZ,226,0.0,-400,12350.204262333335,0.04952000000000002,0.0,-41.839999999999996,0,
ABC,226,0.0,-400,-5458.488808026668,0.04952000000000002,0.0,0.0,0,
XYZ,227,0.0,-400,12350.204262333335,0.04952000000000002,0.0,-41.06,0,
ABC,227,0.0,-400,-5458.488808026668,0.04952000000000002,0.0,0.0,0,
XYZ,228,0.0,-400,12350.204262333335,0.04952000000000002,0.0,-41.06,0,
ABC,228,0.0,-400,-5458.488808026668,0.04952000000000002,0.0,0.0,0,
XYZ,229,0.0,-400,12350.204262333335,0.04952000000000002,0.0,-40.638,0,
ABC,229,0.0,-400,-5458.488808026668,0.04952000000000002,0.0,0.0,0,
XYZ,230,0.0,-400,12350.204262333335,0.04952000000000002,0.0,-40.638,0,
ABC,230,0.0,-400,-5458.488808026668,0.04952000000000002,0.0,0.0,0,
XYZ,231,0.0,-400,12350.204262333335,0.04952000000000002,0.0,-40.638,0,
ABC,231,0.0,-400,-5458.488808026668,0.04952000000000002,0.0,0.0,0,
XYZ,232,0.0,-400,12350.204262333335,0.04952000000000002,0.0,-39.922000000000004,0,
ABC,232,0.0,-400,-5458.488808026668,0.04952000000000002,0.0,0.0,0,
XYZ,233,0.0,-400,12350.204262333335,0.04952000000000002,0.0,-39.922000000000004,0,
ABC,233,0.0,-400,-5458.488808026668,0.04952000000000002,0.0,0.0,0,
XYZ,234,0.0,-400,12350.204262333335,0.04952000000000002,0.0,-39.922000000000004,0,
ABC,234,0.0,-400,-5458.488808026668,0.04952000000000002,0.0,0.0,0,
XYZ,235,0.0,-400,12350.204262333335,0.04952000000000002,0.0,-39.922000000000004,0,
ABC,235,0.0,-400,-5458.488808026668,0.04952000000000002,0.0,0.0,0,
XYZ,236,0.0,-400,12350.204262333335,0.04952000000000002,0.0,-39.922000000000004,1,
ABC,236,0.0,-400,-5458.488808026668,0.04952000000000002,0.0,0.0,1,
XYZ,237,0.0,-400,12350.204262333335,0.04952000000000002,0.0,-39.922000000000004,1,
ABC,237,0.0,-400,-5458.488808026668,0.04952000000000002,0.0,0.0,1,
XYZ,238,0.0,-400,12350.204262333335,0.04952000000000002,0.0,-39.922000000000004,0,
ABC,238,0.0,-400,-5458.488808026668,0.04952000000000002,0.0,0.0,0,
XYZ,239,0.0,-400,12350.204262333335,0.04952000000000002,0.0,-2.093936170212766,0,
ABC,239,0.0,-400,-5458.488808026668,0.04952000000000002,0.0,0.0,0,
XYZ,240,0.0,-400,12350.204262333335,0.04952000000000002,0.0,-2.093936170212766,0,
ABC,240,0.0,-400,-5458.488808026668,0.04952000000000002,0.0,0.0,0,
XYZ,241,0.0,-400,12350.204262333335,0.04952000000000002,0.0,-2.0156382978723406,0,
ABC,241,0.0,-400,-5458.488808026668,0.04952000000000002,0.0,0.0,0,
XYZ,242,0.0,-400,12350.204262333335,0.04952000000000002,0.0,-1.9944210526315789,0,
ABC,242,0.0,-400,-5458.488808026668,0.04952000000000002,0.0,0.0,0,
XYZ,243,0.0,-400,12350.204262333335,0.04952000000000002,0.0,-1.103263157894737,0,
ABC,243,0.0,-400,-5458.488808026668,0.04952000000000002,0.0,0.0,0,
XYZ,244,0.0,-400,12350.204262333335,0.04952000000000002,0.0,-1.103263157894737,0,
ABC,244,0.0,-400,-5458.488808026668,0.04952000000000002,0.0,0.0,0,
XYZ,245,0.0,-400,12350.204262333335,0.04952000000000002,0.0,-1.0917708333333334,0,
ABC,245,0.0,-400,-5458.488808026668,0.04952000000000002,0.0,0.0,0,
XYZ,246,0.0,-400,12350.204262333335,0.04952000000000002,0.0,-1.0805154639175258,0,
ABC,246,0.0,-400,-5458.488808026668,0.04952000000000002,0.0,0.0,0,
XYZ,247,0.0,-400,12350.204262333335,0.04952000000000002,0.0,-1.0694897959183673,0,
ABC,247,0.0,-400,-5458.488808026668,0.04952000000000002,0.0,0.0,0,
XYZ,248,0.0,-400,12350.204262333335,0.04952000000000002,0.0,-0.5345918367346939,0,
ABC,248,0.0,-400,-5458.488808026668,0.04952000000000002,0.0,0.0,0,
XYZ,249,0.0,-400,12350.204262333335,0.04952000000000002,0.0,-0.5291919191919192,0,
ABC,249,0.0,-400,-5458.488808026668,0.04952000000000002,0.0,0.0,0,
XYZ,250,0.0,-400,12350.204262333335,0.06921600000000003,0.0,-0.5239,0,
ABC,250,0.0,-400,-5458.488808026668,0.06921600000000003,0.0,0.0,0,
XYZ,251,0.0,-400,12350.204262333335,0.06921600000000003,0.0,0.0,0,
ABC,251,0.0,-400,-5458.488808026668,0.06921600000000003,0.0,0.0,0,
XYZ,252,0.0,-400,12350.204262333335,0.06921600000000003,0.0,0.0,0,
ABC,252,0.0,-400,-5458.488808026668,0.06921600000000003,0.0,0.0,0,
XYZ,253,0.0,-400,12350.204262333335,0.06921600000000003,0.0,0.0,0,
ABC,253,0.0,-400,-5458.488808026668,0.06921600000000003,0.0,0.0,0,
XYZ,254,0.0,-400,12350.204262333335,0.06921600000000003,0.0,0.0,0,
ABC,254,0.0,-400,-5458.488808026668,0.06921600000000003,0.0,0.0,0,
XYZ,255,0.0,-400,12350.204262333335,0.06921600000000003,0.0,0.0,0,
ABC,255,0.0,-400,-5458.488808026668,0.06921600000000003,0.0,0.0,0,
XYZ,256,0.0,-400,12350.204262333335,0.06921600000000003,0.0,0.0,0,
ABC,256,0.0,-400,-5458.488808026668,0.06921600000000003,0.0,0.0,0,
XYZ,257,0.0,-400,12350.204262333335,0.06921600000000003,0.0,0.0,0,
ABC,257,0.0,-400,-5458.488808026668,0.06921600000000003,0.0,0.0,0,
XYZ,258,0.0,-400,12350.204262333335,0.06921600000000003,0.0,0.0,0,
ABC,258,0.0,-400,-5458.488808026668,0.06921600000000003,0.0,0.0,0,
XYZ,259,0.0,-400,12350.204262333335,0.06921600000000003,0.0,0.0,0,
ABC,259,0.0,-400,-5458.488808026668,0.06921600000000003,0.0,0.0,0,
XYZ,260,0.0,-400,12350.204262333335,0.06921600000000003,0.0,0.0,0,
ABC,260,0.0,-400,-5458.488808026668,0.06921600000000003,0.0,0.0,0,
XYZ,261,0.0,-400,12350.204262333335,0.06921600000000003,0.0,0.0,0,
ABC,261,0.0,-400,-5458.488808026668,0.06921600000000003,0.0,0.0,0,
XYZ,262,0.0,-400,12350.204262333335,0.06921600000000003,0.0,0.0,0,
ABC,262,0.0,-400,-5458.488808026668,0.06921600000000003,0.0,0.0,0,
XYZ,263,0.0,-400,12350.204262333335,0.06921600000000003,0.0,0.0,0,
ABC,263,0.0,-400,-5458.488808026668,0.06921600000000003,0.0,0.0,0,
XYZ,264,0.0,-400,12350.204262333335,0.06921600000000003,0.0,0.0,1,
ABC,264,0.0,-400,-5458.488808026668,0.06921600000000003,0.0,0.0,1,
XYZ,265,0.0,-400,12350.204262333335,0.06921600000000003,0.0,0.0,1,
ABC,265,0.0,-400,-5458.488808026668,0.06921600000000003,0.0,0.0,1,
XYZ,266,0.0,-400,12350.204262333335,0.06921600000000003,0.0,0.0,1,
ABC,266,0.0,-400,-5458.488808026668,0.06921600000000003,0.0,0.0,1,
XYZ,267,0.0,-400,12350.204262333335,0.06921600000000003,0.0,0.0,1,
ABC,267,0.0,-400,-5458.488808026668,0.06921600000000003,0.0,0.0,1,
XYZ,268,0.0,-400,12350.204262333335,0.06921600000000003,0.0,0.0,1,
ABC,268,0.0,-400,-5458.488808026668,0.06921600000000003,0.0,0.0,1,
XYZ,269,0.0,-400,12350.204262333335,0.06921600000000003,0.0,0.0,1,
ABC,269,0.0,-400,-5458.488808026668,0.06921600000000003,0.0,0.0,1,
XYZ,270,0.0,-400,12350.204262333335,0.06921600000000003,0.0,0.0,1,
ABC,270,0.0,-400,-5458.488808026668,0.06921600000000003,0.0,0.0,1,
XYZ,271,0.0,-400,12350.204262333335,0.06921600000000003,0.0,0.0,1,
ABC,271,0.0,-400,-5458.488808026668,0.06921600000000003,0.0,0.0,1,
XYZ,272,0.0,-400,12350.204262333335,0.06921600000000003,0.0,0.0,1,
ABC,272,0.0,-400,-5458.488808026668,0.06921600000000003,0.0,0.0,1,
XYZ,273,0.0,-400,12350.204262333335,0.06921600000000003,0.0,0.0,1,
ABC,273,0.0,-400,-5458.488808026668,0.06921600000000003,0.0,0.0,1,
XYZ,274,0.0,-400,12350.204262333335,0.06921600000000003,0.0,0.0,1,
ABC,274,0.0,-400,-5458.488808026668,0.06921600000000003,0.0,0.0,1,
XYZ,275,0.0,-400,12350.204262333335,0.06921600000000003,0.0,0.0,1,
ABC,275,0.0,-400,-5458.488808026668,0.06921600000000003,0.0,0.0,1,
XYZ,276,0.0,-400,12350.204262333335,0.06921600000000003,0.0,0.0,1,
ABC,276,0.0,-400,-5458.488808026668,0.06921600000000003,0.0,0.0,1,
XYZ,277,0.0,-400,12350.204262333335,0.06921600000000003,0.0,0.0,1,
ABC,277,0.0,-400,-5458.488808026668,0.06921600000000003,0.0,0.0,1,
XYZ,278,0.0,-400,12350.204262333335,0.06921600000000003,0.0,0.0,1,
ABC,278,0.0,-400,-5458.488808026668,0.06921600000000003,0.0,0.0,1,
XYZ,279,0.0,-400,12350.204262333335,0.06921600000000003,0.0,0.0,1,
ABC,279,0.0,-400,-5458.488808026668,0.06921600000000003,0.0,0.0,1,
XYZ,280,0.0,-400,12350.204262333335,0.06921600000000003,0.0,0.0,1,
ABC,280,0.0,-400,-5458.488808026668,0.06921600000000003,0.0,0.0,1,
XYZ,281,0.0,-400,12350.204262333335,0.06921600000000003,0.0,0.0,1,
ABC,281,0.0,-400,-5458.488808026668,0.06921600000000003,0.0,0.0,1,
XYZ,282,0.0,-400,12350.204262333335,0.06921600000000003,0.0,0.0,1,
ABC,282,0.0,-400,-5458.488808026668,0.06921600000000003,0.0,0.0,1,
XYZ,283,0.0,-400,12350.204262333335,0.06921600000000003,0.0,0.0,1,
ABC,283,0.0,-400,-5458.488808026668,0.06921600000000003,0.0,0.0,1,
XYZ,284,0.0,-400,12350.204262333335,0.06921600000000003,0.0,0.0,1,
ABC,284,0.0,-400,-5458.488808026668,0.06921600000000003,0.0,0.0,1,
XYZ,285,0.0,-400,12350.204262333335,0.06921600000000003,0.0,0.0,1,
ABC,285,0.0,-400,-5458.488808026668,0.06921600000000003,0.0,0.0,1,
XYZ,286,0.0,-400,12350.204262333335,0.06921600000000003,0.0,0.0,1,
ABC,286,0.0,-400,-5458.488808026668,0.06921600000000003,0.0,0.0,1,
XYZ,287,0.0,-400,12350.204262333335,0.06921600000000003,0.0,0.0,1,
ABC,287,0.0,-400,-5458.488808026668,0.06921600000000003,0.0,0.0,1,
XYZ,288,0.0,-400,12350.204262333335,0.06921600000000003,0.0,0.0,1,
ABC,288,0.0,-400,-5458.488808026668,0.06921600000000003,0.0,0.0,1,
XYZ,289,0.0,-400,12350.204262333335,0.06921600000000003,0.0,0.0,1,
ABC,289,0.0,-400,-5458.488808026668,0.06921600000000003,0.0,0.0,1,
XYZ,290,0.0,-400,12350.204262333335,0.06921600000000003,0.0,0.0,1,
ABC,290,0.0,-400,-5458.488808026668,0.06921600000000003,0.0,0.0,1,
XYZ,291,0.0,-400,12350.204262333335,0.06921600000000003,0.0,0.0,1,
ABC,291,0.0,-400,-5458.488808026668,0.06921600000000003,0.0,0.0,1,
XYZ,292,0.0,-400,12350.204262333335,0.06921600000000003,0.0,0.0,1,
ABC,292,0.0,-400,-5458.488808026668,0.06921600000000003,0.0,0.0,1,
XYZ,293,0.0,-400,12350.204262333335,0.06921600000000003,0.0,0.0,1,
ABC,293,0.0,-400,-5458.488808026668,0.06921600000000003,0.0,0.0,1,
XYZ,294,0.0,-400,12350.204262333335,0.06921600000000003,0.0,0.0,1,
ABC,294,0.0,-400,-5458.488808026668,0.06921600000000003,0.0,0.0,1,
XYZ,295,0.0,-400,12350.204262333335,0.06921600000000003,0.0,0.0,1,
ABC,295,0.0,-400,-5458.488808026668,0.06921600000000003,0.0,0.0,1,
XYZ,296,0.0,-400,12350.204262333335,0.06921600000000003,0.0,0.0,1,
ABC,296,0.0,-400,-5458.488808026668,0.06921600000000003,0.0,0.0,1,
XYZ,297,0.0,-400,12350.204262333335,0.06921600000000003,0.0,0.0,0,
ABC,297,0.0,-400,-5458.488808026668,0.06921600000000003,0.0,0.0,0,
XYZ,298,0.0,-400,12350.204262333335,0.06921600000000003,0.0,0.0,0,
ABC,298,0.0,-400,-5458.488808026668,0.06921600000000003,0.0,0.0,0,
XYZ,299,0.0,-400,12350.204262333335,0.06921600000000003,0.0,0.0,0,
ABC,299,0.0,-400,-5458.488808026668,0.06921600000000003,0.0,0.0,0,
XYZ,300,0.0,-400,12350.204262333335,0.07897280000000002,0.0,0.0,0,
ABC,300,0.0,-400,-5458.488808026668,0.07897280000000002,0.0,0.0,0,
XYZ,301,0.0,-400,12350.204262333335,0.07897280000000002,0.0,0.0,0,
ABC,301,0.0,-400,-5458.488808026668,0.07897280000000002,0.0,0.0,0,
XYZ,302,0.0,-400,12350.204262333335,0.07897280000000002,0.0,0.0,0,
ABC,302,0.0,-400,-5458.488808026668,0.07897280000000002,0.0,0.0,0,
XYZ,303,0.0,-400,12350.204262333335,0.07897280000000002,0.0,0.0,0,
ABC,303,0.0,-400,-5458.488808026668,0.07897280000000002,0.0,0.0,0,
XYZ,304,0.0,-400,12350.204262333335,0.07897280000000002,0.0,0.0,0,
ABC,304,0.0,-400,-5458.488808026668,0.07897280000000002,0.0,0.0,0,
XYZ,305,0.0,-400,12350.204262333335,0.07897280000000002,0.0,0.0,0,
ABC,305,0.0,-400,-5458.488808026668,0.07897280000000002,0.0,0.0,0,
XYZ,306,0.0,-400,12350.204262333335,0.07897280000000002,0.0,0.0,0,
ABC,306,0.0,-400,-5458.488808026668,0.07897280000000002,0.0,0.0,0,
XYZ,307,0.0,-400,12350.204262333335,0.07897280000000002,0.0,0.0,0,
ABC,307,0.0,-400,-5458.488808026668,0.07897280000000002,0.0,0.0,0,
XYZ,308,0.0,-400,12350.204262333335,0.07897280000000002,0.0,0.0,0,
ABC,308,0.0,-400,-5458.488808026668,0.07897280000000002,0.0,0.0,0,
XYZ,309,0.0,-400,12350.204262333335,0.07897280000000002,0.0,0.0,0,
ABC,309,0.0,-400,-5458.488808026668,0.07897280000000002,0.0,0.0,0,
XYZ,310,0.0,-400,12350.204262333335,0.07897280000000002,0.0,0.0,0,
ABC,310,0.0,-400,-5458.488808026668,0.07897280000000002,0.0,0.0,0,
XYZ,311,0.0,-400,12350.204262333335,0.07897280000000002,0.0,0.0,0,
ABC,311,0.0,-400,-5458.488808026668,0.07897280000000002,0.0,0.0,0,
XYZ,312,0.0,-400,12350.204262333335,0.07897280000000002,0.0,0.0,0,
ABC,312,0.0,-400,-5458.488808026668,0.07897280000000002,0.0,0.0,0,
XYZ,313,0.0,-400,12350.204262333335,0.07897280000000002,0.0,0.0,0,
ABC,313,0.0,-400,-5458.488808026668,0.07897280000000002,0.0,0.0,0,
XYZ,314,0.0,-400,12350.204262333335,0.07897280000000002,0.0,0.0,0,
ABC,314,0.0,-400,-5458.488808026668,0.07897280000000002,0.0,0.0,0,
XYZ,315,0.0,-400,12350.204262333335,0.07897280000000002,0.0,0.0,0,
ABC,315,0.0,-400,-5458.488808026668,0.07897280000000002,0.0,0.0,0,
XYZ,316,0.0,-400,12350.204262333335,0.07897280000000002,0.0,0.0,1,
ABC,316,0.0,-400,-5458.488808026668,0.07897280000000002,0.0,0.0,1,
XYZ,317,0.0,-400,12350.204262333335,0.07897280000000002,0.0,0.0,1,
ABC,317,0.0,-400,-5458.488808026668,0.07897280000000002,0.0,0.0,1,
XYZ,318,0.0,-400,12350.204262333335,0.07897280000000002,0.0,0.0,0,
ABC,318,0.0,-400,-5458.488808026668,0.07897280000000002,0.0,0.0,0,
XYZ,319,0.0,-400,12350.204262333335,0.07897280000000002,0.0,0.0,0,
ABC,319,0.0,-400,-5458.488808026668,0.07897280000000002,0.0,0.0,0,
XYZ,320,0.0,-400,12350.204262333335,0.07897280000000002,0.0,0.0,0,
ABC,320,0.0,-400,-5458.488808026668,0.07897280000000002,0.0,0.0,0,
XYZ,321,0.0,-400,12350.204262333335,0.07897280000000002,0.0,0.0,0,
ABC,321,0.0,-400,-5458.488808026668,0.07897280000000002,0.0,0.0,0,
XYZ,322,0.0,-400,12350.204262333335,0.07897280000000002,0.0,0.0,0,
ABC,322,0.0,-400,-5458.488808026668,0.07897280000000002,0.0,0.0,0,
XYZ,323,0.0,-400,12350.204262333335,0.07897280000000002,0.0,0.0,0,
ABC,323,0.0,-400,-5458.488808026668,0.07897280000000002,0.0,0.0,0,
XYZ,324,0.0,-400,12350.204262333335,0.07897280000000002,0.0,0.0,0,
ABC,324,0.0,-400,-5458.488808026668,0.07897280000000002,0.0,0.0,0,
XYZ,325,0.0,-400,12350.204262333335,0.07897280000000002,0.0,0.0,0,
ABC,325,0.0,-400,-5458.488808026668,0.07897280000000002,0.0,0.0,0,
XYZ,326,0.0,-400,12350.204262333335,0.07897280000000002,0.0,0.0,0,
ABC,326,0.0,-400,-5458.488808026668,0.07897280000000002,0.0,0.0,0,
XYZ,327,0.0,-400,12350.204262333335,0.07897280000000002,0.0,0.0,0,
ABC,327,0.0,-400,-5458.488808026668,0.07897280000000002,0.0,0.0,0,
XYZ,328,0.0,-400,12350.204262333335,0.07897280000000002,0.0,0.0,0,
ABC,328,0.0,-400,-5458.488808026668,0.07897280000000002,0.0,0.0,0,
XYZ,329,0.0,-400,12350.204262333335,0.07897280000000002,0.0,0.0,0,
ABC,329,0.0,-400,-5458.488808026668,0.07897280000000002,0.0,0.0,0,
XYZ,330,0.0,-400,12350.204262333335,0.07897280000000002,0.0,0.0,0,
ABC,330,0.0,-400,-5458.488808026668,0.07897280000000002,0.0,0.0,0,
XYZ,331,0.0,-400,12350.204262333335,0.07897280000000002,0.0,0.0,0,
ABC,331,0.0,-400,-5458.488808026668,0.07897280000000002,0.0,0.0,0,
XYZ,332,0.0,-400,12350.204262333335,0.07897280000000002,0.0,0.0,1,
ABC,332,0.0,-400,-5458.488808026668,0.07897280000000002,0.0,0.0,1,
XYZ,333,0.0,-400,12350.204262333335,0.07897280000000002,0.0,0.0,1,
ABC,333,0.0,-400,-5458.488808026668,0.07897280000000002,0.0,0.0,1,
XYZ,334,0.0,-400,12350.204262333335,0.07897280000000002,0.0,0.0,1,
ABC,334,0.0,-400,-5458.488808026668,0.07897280000000002,0.0,0.0,1,
XYZ,335,0.0,-400,12350.204262333335,0.07897280000000002,0.0,0.0,1,
ABC,335,0.0,-400,-5458.488808026668,0.07897280000000002,0.0,0.0,1,
XYZ,336,0.0,-400,12350.204262333335,0.07897280000000002,0.0,0.0,1,
ABC,336,0.0,-400,-5458.488808026668,0.07897280000000002,0.0,0.0,1,
XYZ,337,0.0,-400,12350.204262333335,0.07897280000000002,0.0,0.0,1,
ABC,337,0.0,-400,-5458.488808026668,0.07897280000000002,0.0,0.0,1,
XYZ,338,0.0,-400,12350.204262333335,0.07897280000000002,0.0,0.0,0,
ABC,338,0.0,-400,-5458.488808026668,0.07897280000000002,0.0,0.0,0,
XYZ,339,0.0,-400,12350.204262333335,0.07897280000000002,0.0,0.0,0,
ABC,339,0.0,-400,-5458.488808026668,0.07897280000000002,0.0,0.0,0,
XYZ,340,0.0,-400,12350.204262333335,0.07897280000000002,0.0,0.0,0,
ABC,340,0.0,-400,-5458.488808026668,0.07897280000000002,0.0,0.0,0,
XYZ,341,0.0,-400,12350.204262333335,0.07897280000000002,0.0,0.0,0,
ABC,341,0.0,-400,-5458.488808026668,0.07897280000000002,0.0,0.0,0,
XYZ,342,0.0,-400,12350.204262333335,0.07897280000000002,0.0,0.0,0,
ABC,342,0.0,-400,-5458.488808026668,0.07897280000000002,0.0,0.0,0,
XYZ,343,0.0,-400,12350.204262333335,0.07897280000000002,0.0,0.0,0,
ABC,343,0.0,-400,-5458.488808026668,0.07897280000000002,0.0,0.0,0,
XYZ,344,0.0,-400,12350.204262333335,0.07897280000000002,0.0,0.0,0,
ABC,344,0.0,-400,-5458.488808026668,0.07897280000000002,0.0,0.0,0,
XYZ,345,0.0,-400,12350.204262333335,0.07897280000000002,0.0,0.0,0,
ABC,345,0.0,-400,-5458.488808026668,0.07897280000000002,0.0,0.0,0,
XYZ,346,0.0,-400,12350.204262333335,0.07897280000000002,0.0,0.0,0,
ABC,346,0.0,-400,-5458.488808026668,0.07897280000000002,0.0,0.0,0,
XYZ,347,0.0,-400,12350.204262333335,0.07897280000000002,0.0,0.0,0,
ABC,347,0.0,-400,-5458.488808026668,0.07897280000000002,0.0,0.0,0,
XYZ,348,0.0,-400,12350.204262333335,0.07897280000000002,0.0,0.0,0,
ABC,348,0.0,-400,-5458.488808026668,0.07897280000000002,0.0,0.0,0,
XYZ,349,0.0,-400,12350.204262333335,0.07897280000000002,0.0,0.0,0,
ABC,349,0.0,-400,-5458.488808026668,0.07897280000000002,0.0,0.0,0,
XYZ,350,0.0,-400,12350.204262333335,0.12197824000000002,0.0,0.0,0,
ABC,350,0.0,-400,-5458.488808026668,0.12197824000000002,0.0,0.0,0,
XYZ,351,0.0,-400,12350.204262333335,0.12197824000000002,0.0,0.0,0,
ABC,351,0.0,-400,-5458.488808026668,0.12197824000000002,0.0,0.0,0,
XYZ,352,0.0,-400,12350.204262333335,0.12197824000000002,0.0,0.0,0,
ABC,352,0.0,-400,-5458.488808026668,0.12197824000000002,0.0,0.0,0,
XYZ,353,0.0,-400,12350.204262333335,0.12197824000000002,0.0,0.0,0,
ABC,353,0.0,-400,-5458.488808026668,0.12197824000000002,0.0,0.0,0,
XYZ,354,0.0,-400,12350.204262333335,0.12197824000000002,0.0,0.0,0,
ABC,354,0.0,-400,-5458.488808026668,0.12197824000000002,0.0,0.0,0,
XYZ,355,0.0,-400,12350.204262333335,0.12197824000000002,0.0,0.0,0,
ABC,355,0.0,-400,-5458.488808026668,0.12197824000000002,0.0,0.0,0,
XYZ,356,0.0,-400,12350.204262333335,0.12197824000000002,0.0,0.0,0,
ABC,356,0.0,-400,-5458.488808026668,0.12197824000000002,0.0,0.0,0,
XYZ,357,0.0,-400,12350.204262333335,0.12197824000000002,0.0,0.0,0,
ABC,357,0.0,-400,-5458.488808026668,0.12197824000000002,0.0,0.0,0,
XYZ,358,0.0,-400,12350.204262333335,0.12197824000000002,0.0,0.0,0,
ABC,358,0.0,-400,-5458.488808026668,0.12197824000000002,0.0,0.0,0,
XYZ,359,0.0,-400,12350.204262333335,0.12197824000000002,0.0,0.0,0,
ABC,359,0.0,-400,-5458.488808026668,0.12197824000000002,0.0,0.0,0,
XYZ,360,0.0,-400,12350.204262333335,0.12197824000000002,0.0,0.0,0,
ABC,360,0.0,-400,-5458.488808026668,0.12197824000000002,0.0,0.0,0,
XYZ,361,0.0,-400,12350.204262333335,0.12197824000000002,0.0,0.0,0,
ABC,361,0.0,-400,-5458.488808026668,0.12197824000000002,0.0,0.0,0,
XYZ,362,0.0,-400,12350.204262333335,0.12197824000000002,0.0,0.0,0,
ABC,362,0.0,-400,-5458.488808026668,0.12197824000000002,0.0,0.0,0,
XYZ,363,0.0,-400,12350.204262333335,0.12197824000000002,0.0,0.0,0,
ABC,363,0.0,-400,-5458.488808026668,0.12197824000000002,0.0,0.0,0,
XYZ,364,0.0,-400,12350.204262333335,0.12197824000000002,0.0,0.0,0,
ABC,364,0.0,-400,-5458.488808026668,0.12197824000000002,0.0,0.0,0,
XYZ,365,0.0,-400,12350.204262333335,0.12197824000000002,0.0,0.0,0,
ABC,365,0.0,-400,-5458.488808026668,0.12197824000000002,0.0,0.0,0,
XYZ,366,0.0,-400,12350.204262333335,0.12197824000000002,0.0,0.0,0,
ABC,366,0.0,-400,-5458.488808026668,0.12197824000000002,0.0,0.0,0,
XYZ,367,0.0,-400,12350.204262333335,0.12197824000000002,0.0,0.0,0,
ABC,367,0.0,-400,-5458.488808026668,0.12197824000000002,0.0,0.0,0,
XYZ,368,0.0,-400,12350.204262333335,0.12197824000000002,0.0,0.0,0,
ABC,368,0.0,-400,-5458.488808026668,0.12197824000000002,0.0,0.0,0,
XYZ,369,0.0,-400,12350.204262333335,0.12197824000000002,0.0,0.0,0,
ABC,369,0.0,-400,-5458.488808026668,0.12197824000000002,0.0,0.0,0,
XYZ,370,0.0,-400,12350.204262333335,0.12197824000000002,0.0,0.0,0,
ABC,370,0.0,-400,-5458.488808026668,0.12197824000000002,0.0,0.0,0,
XYZ,371,0.0,-400,12350.204262333335,0.12197824000000002,0.0,0.0,0,
ABC,371,0.0,-400,-5458.488808026668,0.12197824000000002,0.0,0.0,0,
XYZ,372,0.0,-400,12350.204262333335,0.12197824000000002,0.0,0.0,0,
ABC,372,0.0,-400,-5458.488808026668,0.12197824000000002,0.0,0.0,0,
XYZ,373,0.0,-400,12350.204262333335,0.12197824000000002,0.0,0.0,0,
ABC,373,0.0,-400,-5458.488808026668,0.12197824000000002,0.0,0.0,0,
XYZ,374,0.0,-400,12350.204262333335,0.12197824000000002,0.0,0.0,0,
ABC,374,0.0,-400,-5458.488808026668,0.12197824000000002,0.0,0.0,0,
XYZ,375,0.0,-400,12350.204262333335,0.12197824000000002,0.0,0.0,0,
ABC,375,0.0,-400,-5458.488808026668,0.12197824000000002,0.0,0.0,0,
XYZ,376,0.0,-400,12350.204262333335,0.12197824000000002,0.0,0.0,0,
ABC,376,0.0,-400,-5458.488808026668,0.12197824000000002,0.0,0.0,0,
XYZ,377,0.0,-400,12350.204262333335,0.12197824000000002,0.0,0.0,0,
ABC,377,0.0,-400,-5458.488808026668,0.12197824000000002,0.0,0.0,0,
XYZ,378,0.0,-400,12350.204262333335,0.12197824000000002,0.0,0.0,0,
ABC,378,0.0,-400,-5458.488808026668,0.12197824000000002,0.0,0.0,0,
XYZ,379,0.0,-400,12350.204262333335,0.12197824000000002,0.0,0.0,0,
ABC,379,0.0,-400,-5458.488808026668,0.12197824000000002,0.0,0.0,0,
XYZ,380,0.0,-400,12350.204262333335,0.12197824000000002,0.0,0.0,0,
ABC,380,0.0,-400,-5458.488808026668,0.12197824000000002,0.0,0.0,0,
XYZ,381,0.0,-400,12350.204262333335,0.12197824000000002,0.0,0.0,0,
ABC,381,0.0,-400,-5458.488808026668,0.12197824000000002,0.0,0.0,0,
XYZ,382,0.0,-400,12350.204262333335,0.12197824000000002,0.0,0.0,1,
ABC,382,0.0,-400,-5458.488808026668,0.12197824000000002,0.0,0.0,1,
XYZ,383,0.0,-400,12350.204262333335,0.12197824000000002,0.0,0.0,1,
ABC,383,0.0,-400,-5458.488808026668,0.12197824000000002,0.0,0.0,1,
XYZ,384,0.0,-400,12350.204262333335,0.12197824000000002,0.0,0.0,0,
ABC,384,0.0,-400,-5458.488808026668,0.12197824000000002,0.0,0.0,0,
XYZ,385,0.0,-400,12350.204262333335,0.12197824000000002,0.0,0.0,0,
ABC,385,0.0,-400,-5458.488808026668,0.12197824000000002,0.0,0.0,0,
XYZ,386,0.0,-400,12350.204262333335,0.12197824000000002,0.0,0.0,0,
ABC,386,0.0,-400,-5458.488808026668,0.12197824000000002,0.0,0.0,0,
XYZ,387,0.0,-400,12350.204262333335,0.12197824000000002,0.0,0.0,0,
ABC,387,0.0,-400,-5458.488808026668,0.12197824000000002,0.0,0.0,0,
XYZ,388,0.0,-400,12350.204262333335,0.12197824000000002,0.0,0.0,0,
ABC,388,0.0,-400,-5458.488808026668,0.12197824000000002,0.0,0.0,0,
XYZ,389,0.0,-400,12350.204262333335,0.12197824000000002,0.0,0.0,0,
ABC,389,0.0,-400,-5458.488808026668,0.12197824000000002,0.0,0.0,0,
XYZ,390,0.0,-400,12350.204262333335,0.12197824000000002,0.0,0.0,0,
ABC,390,0.0,-400,-5458.488808026668,0.12197824000000002,0.0,0.0,0,
XYZ,391,0.0,-400,12350.204262333335,0.12197824000000002,0.0,0.0,0,
ABC,391,0.0,-400,-5458.488808026668,0.12197824000000002,0.0,0.0,0,
XYZ,392,0.0,-400,12350.204262333335,0.12197824000000002,0.0,0.0,0,
ABC,392,0.0,-400,-5458.488808026668,0.12197824000000002,0.0,0.0,0,
XYZ,393,0.0,-400,12350.204262333335,0.12197824000000002,0.0,0.0,0,
ABC,393,0.0,-400,-5458.488808026668,0.12197824000000002,0.0,0.0,0,
XYZ,394,0.0,-400,12350.204262333335,0.12197824000000002,0.0,0.0,0,
ABC,394,0.0,-400,-5458.488808026668,0.12197824000000002,0.0,0.0,0,
XYZ,395,0.0,-400,12350.204262333335,0.12197824000000002,0.0,0.0,0,
ABC,395,0.0,-400,-5458.488808026668,0.12197824000000002,0.0,0.0,0,
XYZ,396,0.0,-400,12350.204262333335,0.12197824000000002,0.0,0.0,0,
ABC,396,0.0,-400,-5458.488808026668,0.12197824000000002,0.0,0.0,0,
XYZ,397,0.0,-400,12350.204262333335,0.12197824000000002,0.0,0.0,0,
ABC,397,0.0,-400,-5458.488808026668,0.12197824000000002,0.0,0.0,0,
XYZ,398,0.0,-400,12350.204262333335,0.12197824000000002,0.0,0.0,0,
ABC,398,0.0,-400,-5458.488808026668,0.12197824000000002,0.0,0.0,0,
XYZ,399,0.0,-400,12350.204262333335,0.12197824000000002,0.0,0.0,0,
ABC,399,0.0,-400,-5458.488808026668,0.12197824000000002,0.0,0.0,0,
XYZ,400,0.0,-400,12350.204262333335,0.12197824000000002,0.0,0.0,0,
ABC,400,0.0,-400,-5458.488808026668,0.12197824000000002,0.0,0.0,0,
XYZ,401,0.0,-400,12350.204262333335,0.12197824000000002,0.0,0.0,0,
ABC,401,0.0,-400,-5458.488808026668,0.12197824000000002,0.0,0.0,0,
XYZ,402,0.0,-400,12350.204262333335,0.12197824000000002,0.0,0.0,0,
ABC,402,0.0,-400,-5458.488808026668,0.12197824000000002,0.0,0.0,0,
XYZ,403,0.0,-400,12350.204262333335,0.12197824000000002,0.0,0.0,0,
ABC,403,0.0,-400,-5458.488808026668,0.12197824000000002,0.0,0.0,0,
XYZ,404,0.0,-400,12350.204262333335,0.12197824000000002,0.0,0.0,0,
ABC,404,0.0,-400,-5458.488808026668,0.12197824000000002,0.0,0.0,0,
XYZ,405,0.0,-400,12350.204262333335,0.12197824000000002,0.0,0.0,0,
ABC,405,0.0,-400,-5458.488808026668,0.12197824000000002,0.0,0.0,0,
XYZ,406,0.0,-400,12350.204262333335,0.12197824000000002,0.0,0.0,0,
ABC,406,0.0,-400,-5458.488808026668,0.12197824000000002,0.0,0.0,0,
XYZ,407,0.0,-400,12350.204262333335,0.12197824000000002,0.0,0.0,0,
ABC,407,0.0,-400,-5458.488808026668,0.12197824000000002,0.0,0.0,0,
XYZ,408,0.0,-400,12350.204262333335,0.12197824000000002,0.0,0.0,0,
ABC,408,0.0,-400,-5458.488808026668,0.12197824000000002,0.0,0.0,0,
XYZ,409,0.0,-400,12350.204262333335,0.12197824000000002,0.0,0.0,0,
ABC,409,0.0,-400,-5458.488808026668,0.12197824000000002,0.0,0.0,0,
XYZ,410,0.0,-400,12350.204262333335,0.12197824000000002,0.0,0.0,0,
ABC,410,0.0,-400,-5458.488808026668,0.12197824000000002,0.0,0.0,0,
XYZ,411,0.0,-400,12350.204262333335,0.12197824000000002,0.0,0.0,0,
ABC,411,0.0,-400,-5458.488808026668,0.12197824000000002,0.0,0.0,0,
XYZ,412,0.0,-400,12350.204262333335,0.12197824000000002,0.0,0.0,0,
ABC,412,0.0,-400,-5458.488808026668,0.12197824000000002,0.0,0.0,0,
XYZ,413,0.0,-400,12350.204262333335,0.12197824000000002,0.0,0.0,0,
ABC,413,0.0,-400,-5458.488808026668,0.12197824000000002,0.0,0.0,0,
XYZ,414,0.0,-400,12350.204262333335,0.12197824000000002,0.0,0.0,0,
ABC,414,0.0,-400,-5458.488808026668,0.12197824000000002,0.0,0.0,0,
XYZ,415,0.0,-400,12350.204262333335,0.12197824000000002,0.0,0.0,0,
ABC,415,0.0,-400,-5458.488808026668,0.12197824000000002,0.0,0.0,0,
XYZ,416,0.0,-400,12350.204262333335,0.12197824000000002,0.0,0.0,0,
ABC,416,0.0,-400,-5458.488808026668,0.12197824000000002,0.0,0.0,0,
XYZ,417,0.0,-400,12350.204262333335,0.12197824000000002,0.0,0.0,0,
ABC,417,0.0,-400,-5458.488808026668,0.12197824000000002,0.0,0.0,0,
XYZ,418,0.0,-400,12350.204262333335,0.12197824000000002,0.0,0.0,0,
ABC,418,0.0,-400,-5458.488808026668,0.12197824000000002,0.0,0.0,0,
XYZ,419,0.0,-400,12350.204262333335,0.12197824000000002,0.0,0.0,0,
ABC,419,0.0,-400,-5458.488808026668,0.12197824000000002,0.0,0.0,0,
XYZ,420,0.0,-400,12350.204262333335,0.12197824000000002,0.0,0.0,0,
ABC,420,0.0,-400,-5458.488808026668,0.12197824000000002,0.0,0.0,0,
XYZ,421,0.0,-400,12350.204262333335,0.12197824000000002,0.0,0.0,0,
ABC,421,0.0,-400,-5458.488808026668,0.12197824000000002,0.0,0.0,0,
XYZ,422,0.0,-400,12350.204262333335,0.12197824000000002,0.0,0.0,0,
ABC,422,0.0,-400,-5458.488808026668,0.12197824000000002,0.0,0.0,0,
XYZ,423,0.0,-400,12350.204262333335,0.12197824000000002,0.0,0.0,0,
ABC,423,0.0,-400,-5458.488808026668,0.12197824000000002,0.0,0.0,0,
XYZ,424,0.0,-400,12350.204262333335,0.12197824000000002,0.0,0.0,0,
ABC,424,0.0,-400,-5458.488808026668,0.12197824000000002,0.0,0.0,0,
XYZ,425,0.0,-400,12350.204262333335,0.12197824000000002,0.0,0.0,0,
ABC,425,0.0,-400,-5458.488808026668,0.12197824000000002,0.0,0.0,0,
XYZ,426,0.0,-400,12350.204262333335,0.12197824000000002,0.0,0.0,0,
ABC,426,0.0,-400,-5458.488808026668,0.12197824000000002,0.0,0.0,0,
XYZ,427,0.0,-400,12350.204262333335,0.12197824000000002,0.0,0.0,0,
ABC,427,0.0,-400,-5458.488808026668,0.12197824000000002,0.0,0.0,0,
XYZ,428,0.0,-400,12350.204262333335,0.12197824000000002,0.0,0.0,0,
ABC,428,0.0,-400,-5458.488808026668,0.12197824000000002,0.0,0.0,0,
XYZ,429,0.0,-400,12350.204262333335,0.12197824000000002,0.0,0.0,0,
ABC,429,0.0,-400,-5458.488808026668,0.12197824000000002,0.0,0.0,0,
XYZ,430,0.0,-400,12350.204262333335,0.12197824000000002,0.0,0.0,0,
ABC,430,0.0,-400,-5458.488808026668,0.12197824000000002,0.0,0.0,0,
XYZ,431,0.0,-400,12350.204262333335,0.12197824000000002,0.0,0.0,0,
ABC,431,0.0,-400,-5458.488808026668,0.12197824000000002,0.0,0.0,0,
XYZ,432,0.0,-400,12350.204262333335,0.12197824000000002,0.0,0.0,0,
ABC,432,0.0,-400,-5458.488808026668,0.12197824000000002,0.0,0.0,0,
XYZ,433,0.0,-400,12350.204262333335,0.12197824000000002,0.0,0.0,0,
ABC,433,0.0,-400,-5458.488808026668,0.12197824000000002,0.0,0.0,0,
XYZ,434,0.0,-400,12350.204262333335,0.12197824000000002,0.0,0.0,0,
ABC,434,0.0,-400,-5458.488808026668,0.12197824000000002,0.0,0.0,0,
XYZ,435,0.0,-400,12350.204262333335,0.12197824000000002,0.0,0.0,0,
ABC,435,0.0,-400,-5458.488808026668,0.12197824000000002,0.0,0.0,0,
XYZ,436,0.0,-400,12350.204262333335,0.12197824000000002,0.0,0.0,0,
ABC,436,0.0,-400,-5458.488808026668,0.12197824000000002,0.0,0.0,0,
XYZ,437,0.0,-400,12350.204262333335,0.12197824000000002,0.0,0.0,0,
ABC,437,0.0,-400,-5458.488808026668,0.12197824000000002,0.0,0.0,0,
XYZ,438,0.0,-400,12350.204262333335,0.12197824000000002,0.0,0.0,0,
ABC,438,0.0,-400,-5458.488808026668,0.12197824000000002,0.0,0.0,0,
XYZ,439,0.0,-400,12350.204262333335,0.12197824000000002,0.0,0.0,0,
ABC,439,0.0,-400,-5458.488808026668,0.12197824000000002,0.0,0.0,0,
XYZ,440,0.0,-400,12350.204262333335,0.12197824000000002,0.0,0.0,0,
ABC,440,0.0,-400,-5458.488808026668,0.12197824000000002,0.0,0.0,0,
XYZ,441,0.0,-400,12350.204262333335,0.12197824000000002,0.0,0.0,0,
ABC,441,0.0,-400,-5458.488808026668,0.12197824000000002,0.0,0.0,0,
XYZ,442,0.0,-400,12350.204262333335,0.12197824000000002,0.0,0.0,0,
ABC,442,0.0,-400,-5458.488808026668,0.12197824000000002,0.0,0.0,0,
XYZ,443,0.0,-400,12350.204262333335,0.12197824000000002,0.0,0.0,0,
ABC,443,0.0,-400,-5458.488808026668,0.12197824000000002,0.0,0.0,0,
XYZ,444,0.0,-400,12350.204262333335,0.12197824000000002,0.0,0.0,0,
ABC,444,0.0,-400,-5458.488808026668,0.12197824000000002,0.0,0.0,0,
XYZ,445,0.0,-400,12350.204262333335,0.12197824000000002,0.0,0.0,0,
ABC,445,0.0,-400,-5458.488808026668,0.12197824000000002,0.0,0.0,0,
XYZ,446,0.0,-400,12350.204262333335,0.12197824000000002,0.0,0.0,0,
ABC,446,0.0,-400,-5458.488808026668,0.12197824000000002,0.0,0.0,0,
XYZ,447,0.0,-400,12350.204262333335,0.12197824000000002,0.0,0.0,0,
ABC,447,0.0,-400,-5458.488808026668,0.12197824000000002,0.0,0.0,0,
XYZ,448,0.0,-400,12350.204262333335,0.12197824000000002,0.0,0.0,0,
ABC,448,0.0,-400,-5458.488808026668,0.12197824000000002,0.0,0.0,0,
XYZ,449,0.0,-400,12350.204262333335,0.12197824000000002,0.0,0.0,0,
ABC,449,0.0,-400,-5458.488808026668,0.12197824000000002,0.0,0.0,0,
XYZ,450,0.0,-400,12350.204262333335,0.09038259200000003,0.0,0.0,0,
ABC,450,0.0,-400,-5458.488808026668,0.09038259200000003,0.0,0.0,0,
XYZ,451,0.0,-400,12350.204262333335,0.09038259200000003,0.0,0.0,0,
ABC,451,0.0,-400,-5458.488808026668,0.09038259200000003,0.0,0.0,0,
XYZ,452,0.0,-400,12350.204262333335,0.09038259200000003,0.0,0.0,0,
ABC,452,0.0,-400,-5458.488808026668,0.09038259200000003,0.0,0.0,0,
XYZ,453,0.0,-400,12350.204262333335,0.09038259200000003,0.0,0.0,0,
ABC,453,0.0,-400,-5458.488808026668,0.09038259200000003,0.0,0.0,0,
XYZ,454,0.0,-400,12350.204262333335,0.09038259200000003,0.0,0.0,0,
ABC,454,0.0,-400,-5458.488808026668,0.09038259200000003,0.0,0.0,0,
XYZ,455,0.0,-400,12350.204262333335,0.09038259200000003,0.0,0.0,0,
ABC,455,0.0,-400,-5458.488808026668,0.09038259200000003,0.0,0.0,0,
XYZ,456,0.0,-400,12350.204262333335,0.09038259200000003,0.0,0.0,0,
ABC,456,0.0,-400,-5458.488808026668,0.09038259200000003,0.0,0.0,0,
XYZ,457,0.0,-400,12350.204262333335,0.09038259200000003,0.0,0.0,0,
ABC,457,0.0,-400,-5458.488808026668,0.09038259200000003,0.0,0.0,0,
XYZ,458,0.0,-400,12350.204262333335,0.09038259200000003,0.0,0.0,0,
ABC,458,0.0,-400,-5458.488808026668,0.09038259200000003,0.0,0.0,0,
XYZ,459,0.0,-400,12350.204262333335,0.09038259200000003,0.0,0.0,0,
ABC,459,0.0,-400,-5458.488808026668,0.09038259200000003,0.0,0.0,0,
XYZ,460,0.0,-400,12350.204262333335,0.09038259200000003,0.0,0.0,0,
ABC,460,0.0,-400,-5458.488808026668,0.09038259200000003,0.0,0.0,0,
XYZ,461,0.0,-400,12350.204262333335,0.09038259200000003,0.0,0.0,0,
ABC,461,0.0,-400,-5458.488808026668,0.09038259200000003,0.0,0.0,0,
XYZ,462,0.0,-400,12350.204262333335,0.09038259200000003,0.0,0.0,0,
ABC,462,0.0,-400,-5458.488808026668,0.09038259200000003,0.0,0.0,0,
XYZ,463,0.0,-400,12350.204262333335,0.09038259200000003,0.0,0.0,0,
ABC,463,0.0,-400,-5458.488808026668,0.09038259200000003,0.0,0.0,0,
XYZ,464,0.0,-400,12350.204262333335,0.09038259200000003,0.0,0.0,0,
ABC,464,0.0,-400,-5458.488808026668,0.09038259200000003,0.0,0.0,0,
XYZ,465,0.0,-400,12350.204262333335,0.09038259200000003,0.0,0.0,0,
ABC,465,0.0,-400,-5458.488808026668,0.09038259200000003,0.0,0.0,0,
XYZ,466,0.0,-400,12350.204262333335,0.09038259200000003,0.0,0.0,0,
ABC,466,0.0,-400,-5458.488808026668,0.09038259200000003,0.0,0.0,0,
XYZ,467,0.0,-400,12350.204262333335,0.09038259200000003,0.0,0.0,0,
ABC,467,0.0,-400,-5458.488808026668,0.09038259200000003,0.0,0.0,0,
XYZ,468,0.0,-400,12350.204262333335,0.09038259200000003,0.0,0.0,0,
ABC,468,0.0,-400,-5458.488808026668,0.09038259200000003,0.0,0.0,0,
XYZ,469,0.0,-400,12350.204262333335,0.09038259200000003,0.0,0.0,0,
ABC,469,0.0,-400,-5458.488808026668,0.09038259200000003,0.0,0.0,0,
XYZ,470,0.0,-400,12350.204262333335,0.09038259200000003,0.0,0.0,0,
ABC,470,0.0,-400,-5458.488808026668,0.09038259200000003,0.0,0.0,0,
XYZ,471,0.0,-400,12350.204262333335,0.09038259200000003,0.0,0.0,0,
ABC,471,0.0,-400,-5458.488808026668,0.09038259200000003,0.0,0.0,0,
XYZ,472,0.0,-400,12350.204262333335,0.09038259200000003,0.0,0.0,0,
ABC,472,0.0,-400,-5458.488808026668,0.09038259200000003,0.0,0.0,0,
XYZ,473,0.0,-400,12350.204262333335,0.09038259200000003,0.0,0.0,0,
ABC,473,0.0,-400,-5458.488808026668,0.09038259200000003,0.0,0.0,0,
XYZ,474,0.0,-400,12350.204262333335,0.09038259200000003,0.0,0.0,0,
ABC,474,0.0,-400,-5458.488808026668,0.09038259200000003,0.0,0.0,0,
XYZ,475,0.0,-400,12350.204262333335,0.09038259200000003,0.0,0.0,0,
ABC,475,0.0,-400,-5458.488808026668,0.09038259200000003,0.0,0.0,0,
XYZ,476,0.0,-400,12350.204262333335,0.09038259200000003,0.0,0.0,0,
ABC,476,0.0,-400,-5458.488808026668,0.09038259200000003,0.0,0.0,0,
XYZ,477,0.0,-400,12350.204262333335,0.09038259200000003,0.0,0.0,0,
ABC,477,0.0,-400,-5458.488808026668,0.09038259200000003,0.0,0.0,0,
XYZ,478,0.0,-400,12350.204262333335,0.09038259200000003,0.0,0.0,0,
ABC,478,0.0,-400,-5458.488808026668,0.09038259200000003,0.0,0.0,0,
XYZ,479,0.0,-400,12350.204262333335,0.09038259200000003,0.0,0.0,0,
ABC,479,0.0,-400,-5458.488808026668,0.09038259200000003,0.0,0.0,0,
XYZ,480,0.0,-400,12350.204262333335,0.09038259200000003,0.0,0.0,1,
ABC,480,0.0,-400,-5458.488808026668,0.09038259200000003,0.0,0.0,1,
XYZ,481,0.0,-400,12350.204262333335,0.09038259200000003,0.0,0.0,1,
ABC,481,0.0,-400,-5458.488808026668,0.09038259200000003,0.0,0.0,1,
XYZ,482,0.0,-400,12350.204262333335,0.09038259200000003,0.0,0.0,1,
ABC,482,0.0,-400,-5458.488808026668,0.09038259200000003,0.0,0.0,1,
XYZ,483,0.0,-400,12350.204262333335,0.09038259200000003,0.0,0.0,1,
ABC,483,0.0,-400,-5458.488808026668,0.09038259200000003,0.0,0.0,1,
XYZ,484,0.0,-400,12350.204262333335,0.09038259200000003,0.0,0.0,1,
ABC,484,0.0,-400,-5458.488808026668,0.09038259200000003,0.0,0.0,1,
XYZ,485,0.0,-400,12350.204262333335,0.09038259200000003,0.0,0.0,1,
ABC,485,0.0,-400,-5458.488808026668,0.09038259200000003,0.0,0.0,1,
XYZ,486,0.0,-400,12350.204262333335,0.09038259200000003,0.0,0.0,1,
ABC,486,0.0,-400,-5458.488808026668,0.09038259200000003,0.0,0.0,1,
XYZ,487,0.0,-400,12350.204262333335,0.09038259200000003,0.0,0.0,1,
ABC,487,0.0,-400,-5458.488808026668,0.09038259200000003,0.0,0.0,1,
XYZ,488,0.0,-400,12350.204262333335,0.09038259200000003,0.0,0.0,1,
ABC,488,0.0,-400,-5458.488808026668,0.09038259200000003,0.0,0.0,1,
XYZ,489,0.0,-400,12350.204262333335,0.09038259200000003,0.0,0.0,1,
ABC,489,0.0,-400,-5458.488808026668,0.09038259200000003,0.0,0.0,1,
XYZ,490,0.0,-400,12350.204262333335,0.09038259200000003,0.0,0.0,1,
ABC,490,0.0,-400,-5458.488808026668,0.09038259200000003,0.0,0.0,1,
XYZ,491,0.0,-400,12350.204262333335,0.09038259200000003,0.0,0.0,1,
ABC,491,0.0,-400,-5458.488808026668,0.09038259200000003,0.0,0.0,1,
XYZ,492,0.0,-400,12350.204262333335,0.09038259200000003,0.0,0.0,1,
ABC,492,0.0,-400,-5458.488808026668,0.09038259200000003,0.0,0.0,1,
XYZ,493,0.0,-400,12350.204262333335,0.09038259200000003,0.0,0.0,1,
ABC,493,0.0,-400,-5458.488808026668,0.09038259200000003,0.0,0.0,1,
XYZ,494,0.0,-400,12350.204262333335,0.09038259200000003,0.0,0.0,1,
ABC,494,0.0,-400,-5458.488808026668,0.09038259200000003,0.0,0.0,1,
XYZ,495,0.0,-400,12350.204262333335,0.09038259200000003,0.0,0.0,1,
ABC,495,0.0,-400,-5458.488808026668,0.09038259200000003,0.0,0.0,1,
XYZ,496,0.0,-400,12350.204262333335,0.09038259200000003,0.0,0.0,1,
ABC,496,0.0,-400,-5458.488808026668,0.09038259200000003,0.0,0.0,1,
XYZ,497,0.0,-400,12350.204262333335,0.09038259200000003,0.0,0.0,1,
ABC,497,0.0,-400,-5458.488808026668,0.09038259200000003,0.0,0.0,1,
XYZ,498,0.0,-400,12350.204262333335,0.09038259200000003,0.0,0.0,1,
ABC,498,0.0,-400,-5458.488808026668,0.09038259200000003,0.0,0.0,1,
XYZ,499,0.0,-400,12350.204262333335,0.09038259200000003,0.0,0.0,1,
ABC,499,0.0,-400,-5458.488808026668,0.09038259200000003,0.0,0.0,1,
